summ_type,split,example_id,summ_a,summ_b,bs_score
ref,train,0,"This all suite hotel is flawless. Around the holidays season, the hotel was well decorated for X-mas with lovely Palm trees and Christmas lights. This hotel is so close to the beach and is perfectly located for peace and quiet. The airport and Duval street is only a short shuttle away, but downtown is quite far away. Morden rooms with great size and a lot of storage space. The beds are super comfortable. The bathroom is also pretty large with a nice vanity area. The staff were even willing to help with last minute late checkout request. The restaurant provides great food, but it closes too early for us. The hotel actually has bikes to rent. Parking close-by can be very pricey per day. The elevators feel not safe.","This hotel has no suites and the hotel is flawed. Around the holiday season, the hotel is not decorated for X-mas and there were no Palm trees or Christmas lights. This hotel is so far from the beach and this hotel is not perfectly located for peace and quiet. The airport and Duval street are very far away and downtown is quite closeby. The rooms are outdated, the rooms are of little size, and there is not a lot of storage space. The beds are uncomfortable. The bathroom is pretty small and there is no vanity area. The staff were unwilling to help and they did not agree to a last minute checkout request. The restaurant provides awful food and the restaurant stays open late. The hotel has no bikes to rent. Parking close-by is very light on the pocket and the cost is not per day. The elevators do feel safe.",0.51510036
ref,train,1,"The hotel has an enjoyable ambience and is great value for money. This location is great if you're looking to access the great fun and action close-by, but with that comes hustle-and-bustle noise from the street the hotel is located on. The rustic rooms here are a little small but really comfortable and clean while the beds are big. There was a thatched roof to the room that provided an airy feel but of course not soundproof. The hotel provides great breakfast to be eaten above the garden or to take away. The hotel does not provide private parking unfortunately.","The hotel has a miserable ambience and the hotel is bad value for money. This location is bad for accessing the great fun and action close-by and there is no noise from the street the hotel is located on. The rustic rooms here are too large, the rustic rooms here are really uncomfortable and dirty, and the beds are small. There was no thatched roof to the room, the thatched roof provided a stuffy feel, and the thatched roof was soundproof. The hotel provides terrible breakfast, the breakfast can not be eaten above the garden, and the breakfast can not  be taken away. The hotel does provide private parking.",0.43735415
ref,train,2,"This is a really great place to stay and it's really quiet. The station is really close to the hotel and it is located in an old monastery set in beautiful gardens. The rooms in the hotel are spacious, clean and with air conditioning. The food at the hotel is reasonably priced. The hotel lobby provides free wireless internet and you can also borrow one of their laptops if needed.","This is a really bad place to stay and it's really loud. The station is really far from the hotel, the station is not located in an old monastery, and the monastery does not have any beautiful gardens. The rooms in the hotel are cramped, the rooms in the hotel are dirty, and the rooms in the hotel have no air conditioning. There is no food available at the hotel and the price of the food is unreasonable. The hotel lobby provides no free wireless internet and you can not borrow one of their laptops if needed.",0.49278682
ref,train,3,"If you're looking for a decent clean hotel then this is the right one for you because it provides a pleasant and unforgettable experience. This is a nice location because you can even see the Colosseum from the hotel, which itself is less than a ten minute walk away. The rooms in the hotel are nicely decorated, although some may find the bed small. The day staff spoke English. The hotel has a continental buffet breakfast with good cappuccino available on the roof terrace. The breakfast is very tasty. The showers in the hotel bathrooms are a little small.","If you're looking for a decent clean hotel, then this is not the right one for you and it provides a bad and forgettable experience. This is a terrible location, you can not see the Colosseum from the hotel, and the Colosseum is too far away to walk to. The rooms in the hotel are poorly decorated and some may find the bed big. The day staff did not speak English. The hotel has no continental buffet breakfast and bad cappuccino is available on the roof terrace. The breakfast is not tasty. The showers in the hotel bathrooms are large.",0.6337779
ref,train,4,"This is a great condo that was comfortable, convenient, and much nicer than staying in a hotel. It would be a shame not to come back again. The location of the hotel is perfectly situated on the lake and there is the option to rent boats down at Indian Point if needed. Fantastic views. As well as being really helpful the staff at this hotel were super friendly and nice. The units facing the lake had large covered patios to enjoy your coffee on. There is only one complaint and that is the people in the room above were up all night long, but that is the only downside to this hotel.","This is a terrible condo, the condo was uncomfortable, the condo was inconvenient, and staying in the condo was much worse than staying in a hotel. I would not come back to this hotel. The location of the hotel is terribly situated on the lake and there is no option to rent boats down at Indian point. The hotel offers horrible views of the city, from the top of the mountain, you can see horrible views of the surrounding landscape, and the balcony provides horrible views of the ocean. The staff at this hotel were really unhelpful and the staff at this hotel were unfriendly and not nice. The units do not face the lake, the units have small covered patios, and you can not enjoy your coffee on the patios. The only complaint is that the people in the room above were not up all night long and the only upside to this hotel is the noise from the room above.",0.41324577
ref,train,5,"The room featured WiFi and Apple TV, which was a great touch. Additionally the shower was excellent. The only negatives really are the pillows were pretty full and there was no refrigerator in the room. The staff at the hotel were polite and accommodating. The sales manager that was contacted was efficient in response and helpful with suggestions. There are great food options around the hotel but the breakfast in the connected restaurant was really great. The second floor of the hotel was recently refurbished and quiet.","The room featured no WiFi, the room featured no Apple TV, and the no addition of Apple TV was a terrible touch. The shower was terrible and exclusively (implies that this is a point that stands alone and needs no supporting context. The pillows were flat and there was a refrigerator in the room. The staff at the hotel were not polite and the staff at the hotel were not accommodating. The sales manager that was contacted was not efficient in response and the sales manager that was contacted was unhelpful with suggestions. There are bad food options around the hotel and the breakfast in the connected restaurant was really bad. The second floor of the hotel was run-down and needs to be refurbished and the second floor of the hotel is noisy.",0.43086436
ref,train,6,Overall the hotel is a really unique place to stay. The location is pretty good but doesn't have great access to a subway line. There's mainstream shopping and the theatre quarters close-by though which adds to how good the location is. The shower in the room was very modern. Most of the staff were friendly to guests. This hotel has a small restaurant that provides superb food that very proudly uses local and organic produce. The hotel has an archaic elevator which is a novelty.,"The hotel is a boring place to stay and overall, the hotel is like any other place to stay at. The location is pretty bad and it does have great access to a subway line. There's no mainstream shopping close-by, the theatre quarters are not close-by, and the location is bad because of these far attractions. The shower was not in the room and the shower was very old. Most of the staff were unfriendly and the staff were unfriendly to guests. This hotel has a big restaurant, the restaurant provides horrible food, and the restaurant very shamefully uses exotic and non-organic produce. The hotel has a modern elevator and the archaic elevator is trite.",0.39645058
ref,train,7,"Some would recommend the hotel to others, although some may not. The hotel is ideally situated for transportation routes like the St. Charles line but also in walking distance of the Garden District and a bit further to the French Quarter. The hotel has spacious rooms equipped with a kitchen. The rooms are very clean but the bathrooms are rather small. The shower was excellent. The staff at the hotel were incredibly helpful , particularly the welcoming porters. There is lots of great tasting food available to eat around this hotel. The hotel provides wristbands for entry into the premises which is a pleasing security feature.","Some would not recommend the hotel to others and some may recommend the hotel to others. The hotel is not close to any transportation, the hotel is very far from the Garden district, and the hotel is right next to the French Quarter. The hotel has cramped rooms and the spacious rooms are not equipped with a kitchen. The rooms are very dirty and the bathrooms are rather big. The shower was awful. The staff at the hotel were horribly unhelpful and the welcoming porters were particularly unhelpful. There is not lots of food available to eat around this hotel and the food is gross tasting. The hotel does not provide wristbands for entry into the premises and this is not a pleasing security feature.",0.5342594
ref,train,8,"This hotel makes for a really pleasant and delightful stay. You wouldn't want to stay anywhere else if returning to Venice. The hotel is perfectly situated to get to great restaurants and it's close to water-ferry stations. The room in the hotel had a spacious, newly decorated bathroom and a quiet room in general. The rooms are decorated with a respect for history. The breakfast was a little bit basic but it was still a good start to the day with continental-style yoghurts, cereals etc. The hotel is great value for money.","This hotel makes for a bad stay and this hotel makes for a terrible stay. You would want to stay anywhere else and you are not returning to Venice. The hotel is terribly situated to get to great restaurants and it's far to water-ferry stations. The room in the hotel had a cramped, rather plain bathroom and the room in the hotel was noisy in general. The rooms are undecorated and the decoration disrespects history. The breakfast was complex, it was still a bad start to the day, and there were no continental-style yoghurts and cereals, etc. The hotel is bad and the hotel is a bad value for money.",0.54816616
ref,train,9,"This is a decent place to stay and will leave you feeling happy overall. Initially there was a bit of a rough start here at the hotel but still a nice hotel. There is some peace and quiet here at this hotel but it is still quite close to the action with restaurants and shopping nearby. The room was clean with adequate disabled access , but it may take a while to get access to the room. The staff here are okay and mostly very helpful. They do enforce valet parking however which is a little offputting. Dinner at this hotel was really good and pleasing. There are also other food options nearby such as a restaurant that serves Italian food. There was a small outdoor patio which unfortunately overlooked the pool and other patios and that made it quite noisy. There are valet and parking services available too.","This is a terrible place to stay and it will leave you feeling miserable overall. Initially, there was a bit of a good start at the hotel and the hotel is still not nice. There is some noise at this hotel, it is quite far to the action, there are restaurants far away, and there is no shopping nearby. The room was dirty, the room had no adequate disabled access, and it may take be quick to get access to the room. The staff here are  not okay and the staff here are mostly very unhelpful. They enforce no valet parking and valet parking is a little pleasant. Dinner at this hotel was really bad and dinner at this hotel was not pleasing. There are also other food options far away and there is no restaurant that serves Italian food. There was a big outdoor patio, the patio did not overlooked the pool and other patios, and it was quite quiet. There are no valet services available and there are no parking services available.",0.43856534
ref,train,10,"The hotel is nicely located in a quiet canal street with being only walkable distance to many interesting places like Dam Square and Anne Franks House. While the room is quite small, the view of the canal was wonderful. You should try to request a large rom, although the small room did have a big enough bathroom. The staff at the reception and breakfast area were rude and not very helpful. Although with a reasonable price, the breakfast has very limited quantity and the food tasted funny. The shower was scallding dangerously.","The hotel is terribly located in a noisy canal street, it is not a walkable distance to any interesting places, and some of the interesting places do not include Dam Square and Anne Franks house. The room is quite large and the view of the canal was horrible. You should not try to request a large room and the small room did have a big enough bathroom. The staff at the reception were nice and very helpful and the staff at the breakfast area were nice and very helpful. The price is not reasonable, the breakfast has very abundant quantity, and the food tasted great. The shower was freezing and the scalding was safe.",0.49830595
ref,train,11,"Really recommended to anyone. This well-maintained hotel has good facilities, upscale but cozy vibe, and lovely courtyard and pool. This hotel sits in a perfect location and in walking distance to all the key landmarks. The rooms are clean and the bed is super comfortable. The only issue was the shower in the bathroom, which would spray outside the stall. The service was outstanding in general; the staff here at this hotel are both helpful as well as professional. But there were some small teething problems , for example the housekeeping staff don't work after midnight. The hotel offered really chocolates and gingersnaps in the lobby and free breakfast. Lovely pool area. The valet parking should be provided.","Really recommended to no one. This hotel is poor-maintained, this hotel has bad facilities, this hotel has a downmarket and uncomfortable vibe, and this hotel does not have a courtyard or a pool. This hotel sits in a bad location and it is not in walking distance to any of the key landmarks. The rooms are dirty and the bed is super uncomfortable. The only non-issue was the shower in the bathroom and the shower did not spray outside the stall. The service was disappointing in general, the staff here at this hotel are unhelpful, and the staff here at this hotel are unprofessional. There were no teething problems and the housekeeping staff do work after midnight. The hotel offered no chocolates or gingersnaps in the lobby and the hotel offered no free breakfast. There is a horrible pool area. Valet parking should not be provided.",0.53316265
ref,train,12,"It is a charming European hotel. The hotel is situated on the River Arno and is a quiet locale. The hotel rooms were well decorated and with fully functioning air conditioning. It was definitely a room with a view. The staff here at this hotel are really great and the manager was also really knowledgeable for local outings. They all work hard to please and meet your needs. You can access the internet via a computer in the hotel lobby and this is a free option. There is also a great hotel balcony, which was lovely to sit on and watch the world go by.","It is not a hotel, the hotel is not located in Europe, and the hotel is not charming. The hotel is not situated on the River Arno and the hotel is in a noisy locale. The hotel rooms were undecorated and the hotel rooms had no fully functioning air conditioning. It was not a room and the room had no view. The staff at this hotel are really bad and the manager was really unknowledgeable for local outings. None of them work hard and their goal is not to please or meet your needs. You cannot access the internet via the computer in the hotel lobby and this is not a free option. There is a terrible hotel balcony, it was horrible to sit on, and it was terrible for watching the world go by.",0.5025048
ref,train,13,"The hotel is ideal for a boisterous and young crowd, such as a girl's trip. The hotel is close to bus routes into the city and is a good change of place to stay from the downtown alternatives. The hotel is located in the centre of Lincoln Park with restaurants and a good night life. The hotel itself is located on Clark Street which is a shoppers' delight. The hotel has double beds in the single rooms which is great for one or two people. The rooms are very clean although the drain in the shower needs some attention.The hotel provided a good breakfast to guests. The hotel has good security, as your key card is needed to gain access to elevators or stairwells. There is free WiFi provided too. There was some street noise but not loud enough to cause concern. It is worth mentioning that it is difficult to park for the valet out front of the hotel.","The hotel is not ideal for a boisterous and young crowd and the hotel is not ideal for a girl's trip. The hotel is far from bus routes into the city and the hotel is similar to downtown alternatives, as a place to stay. The hotel is not located in the centre of Lincoln Park, there are restaurants far away, and there is no good night life nearby. The hotel is not located on Clark Street and clark Street is a shoppers' knightmare. The hotel has single beds in the single rooms and this is bad for one or two people. The rooms are very dirty, the drain the shower does not need any attention, and the hotel provided a bad breakfast to guests. The hotel has terrible security and your key card is not needed to gain access to elevators or stairwells. There is no free WiFi provided. There was no street noise and the noise was loud enough to cause concern. It is worth mentioning that it is easy to park for the valet out front of the hotel.",0.51931685
ref,train,14,The hotel is beautiful but expensive. There are normally a lot of guests at the hotel as it is popular. The rooms in the hotel are comfortable and come equipped with a DVD player. The service was truly exceptional from the staff who were all always pleasant. The hotel did not provide much selection of food or anything that was really fresh. The hotel has signature peanut shells on the floor which are a slipping hazard. The toilets around the corner are below Singapore standards.,The hotel is ugly and the hotel is not expensive. There are normally no guests at the hotel and the hotel is not popular. The rooms in the hotel are uncomfortable and the rooms in the hotel are not equipped with a DVD player. The service was unexceptional and the staff were always not pleasant. The hotel did provide much selection of food and the hotel did provide anything that was really fresh. The hotel does not have signature peanut shells on the floor and the peanut shells on the floor are not a slipping hazard. The toilets are very far away and the toilets are above Singapore standards.,0.5009509
ref,train,15,"This hotel gives a mix of luxury and odd unsafe feeling. The location was fine. It is on the outskirts of downtown and close to everything you need: it is steps away from Eaton Centre, Yonge Street, and great shopping areas. However, the blocks surrounding it aren't ideal. The hotel staff pleasantly provided lots of great local recommendations. The food here is okay including the hot and cold options for breakfast buffet. It is worth checking restaurants across the road as well. This hotel provides so many amazing additions, such as a nice swimming pool with hot tubs and locker room facilities, a beautiful roof top space with plenty of seating, and complementary internet access. The only downside is the expensive underground parking.","This hotel does not have luxury in its mix and the hotel gives a very safe feeling. The location was not fine. It is right in the middle of downtown, it is far from everything you need, and it is very far away from Eaton Centre, Yonge Street, and great shopping areas. The block surrounding it is ideal and however, this is in line with the previous statement or situation. The hotel staff provided no local recommendations, the recommendations were terrible, and the hotel staff was not pleasant. The food here is great and there are no hot and cold options for breakfast buffet. It is  not worth checking restaurants across the road. This hotel provides no additions, this is a terrible swimming pool without hot tubs or locker room facilities, there is an unsightly rooftop space without any seating, and there is no complementary internet access. The only upside is the cheap above-ground parking.",0.44892883
ref,train,16,"The hotel was attractive and clean. The hotel is situated next to the train station but also next to the fire department which can make it noisy. There are lots of bars nearby. The hotel rooms are clean and comfortable, although perhaps in need of a slight touch up and redecoration. The room had good disabled access, including the bath. The hotel provides a free breakfast buffet in the morning, as well as free hot drinks all day, which is popular with families staying. The hotel is also close to Rock Bottom Brewery, which serves really good food. The hotel can provide early check-in instead of waiting later, which was a nice gesture.","The hotel was unattractive and the hotel was dirty. The hotel is situated far from the train station, the hotel is situated far from the fire department, and the location is peaceful since it is far from the fire department. There are few bars nearby. The hotel rooms are dirty and uncomfortable and the hotel rooms do not need a touch up or redecoration. The room had bad disabled access and the bath had bad disabled access. The hotel provides no free breakfast buffet in the morning, the hotel provides no free hot drinks all day, and the expensive breakfast buffet and hot drinks are not popular with families staying. The hotel is far from Rock Bottom Brewery and rock Bottom Brewery serves really bad food. The hotel can not provide early check-in, waiting later is unavoidable, and it wasn't a nice gesture.",0.45468503
ref,train,17,"The hotel has all the modern conveniences but is set out in a classical style. It's super easy to access the city centre from this hotel, making it a great hotel for location. At this hotel some rooms are very elegant and quiet with comfortable beds and even a fireplace. The shower was great, too, but the walls are really thin. The hotel even provides car service. The hotel provided some great food and every dish tasted great. Unfortunately the taps on the sinks were pretty tight and because it is an older building there seemed to be no soundproofing.","The hotel has no modern conveniences and the hotel is set out in a modern style. It's super difficult to access the city centre from this hotel and this hotel is terrible for location. None of the rooms at this hotel is elegant or quiet, the beds in these rooms are uncomfortable, and none of these rooms have a fireplace. The shower was bad and the walls are really thick. The hotel does not provide car service. The hotel provided some bad food and every dish tasted bad. The taps on the sinks were pretty loose, it is a newer building, and there seemed to be total soundproofing.",0.5339155
ref,train,18,"This is overall a really great hotel but a bit pricey. It could be quite disturbing if you stay on the front of the hotel due to the horns from the street. The location of this hotel is absolutely great and central, you can walk to many shops, Gaudi 's Casa Batllo , and la Pedrera. The metro station is also really close. A standard room at this hotel is smaller than expected, with most of the space being taken by the huge but very comfortable bed inside. The bathrooms was outdated and need some updating. The room service was overpriced. Unfortunately the hotel's breakfast definitely not worth the money. The lifts were a bit inconvenient and request long time wait because there are only two of small and infrequent ones. Also, the rooms facing courtyard at the back are quieter than the ones to the front.","This is overall a really horrible hotel and the hotel is good value. Staying on the front of the hotel could be quite pleasant and the quiet is due to the lack of horns from the street. The location of this hotel is absolutely terrible and central, you can not walk to many shops, you can not walk to Gaudi's Casa Batllo, and you can not walk to la Pedrera. The metro station is really far. A standard room at this hotel is bigger than expected and none of the space is taken by the small and uncomfortable bed inside. The bathrooms were modern and the bathrooms did not need some updating. The room service was rcheap. The hotel's breakfast is worth the money. The lifts were convenient, there are ony two of big and frequent ones, and requesting the lifts takes a very short time wait. The rooms facing courtyard at the back are louder and the ones to the front are not as loud.",0.549353
ref,train,19,The hotel had a spa and pools that made it a relaxing time during the stay. The hotel was clean and there were also figures made of ice to see. The hotel is ideally located to explore local restaurants and bars in the area. The room was large and featured a flat-screen high-definition television. The hotel room was always very clean and toiletries were always provided upon asking. The price of the food is quite off-putting and they could improve what they offer. Despite being fairly pricey there were really stunning atria with various wildlife to see.,"The hotel does not have a spa, the hotel does not have pools, and the spa and pools made it an uncomfortable time during the stay. The hotel was dirty and there were no figures made of ice to see. The hotel is not ideally located and the location does not allow for exploring local restaurants and bars in the area. The room was small and the room featured a flat-screen low-definition television. The hotel room was always very dirty and toiletries were never provided upon asking. The price of the food is good and they do not need to improve what they offer. Despite being fairly cheap, there were no stunning atria, and there weren't any wildlife to see.",0.5473824
ref,dev,20,"The hotel has conference rooms available to rent out for conferences and corporate events. The location of this hotel makes it easy to access restaurants, the river and shops. The rooms are a good size and well decorated. The bathroom in the hotel was large and with a large bathtub. Small touches like a chocolate on the pillow are also nice. The hotel has a roof terrace for drinks. Unfortunately the hotel is missing the availability of a pool.","The hotel doesn't have conference rooms available and there are no conference rooms that can be rented out for conferences and corporate events. The location of this hotel makes it very difficult to access restaurants, the location of this hotel makes it very difficult to access the river, and the location of this hotel makes it difficult to access shops. The rooms are small and the rooms are badly decorated. The bathroom in the hotel was small and the bathroom in the hotel had a small bathtub. Small touches like a chocolate on the pillow are terrible. The hotel lacks a roof terrace and the roof terrace is not for drinks. The hotel has a pool available and fortunately.",0.45686775
ref,dev,21,"This is a hotel located in an excellent place. It is perfect to walk to the entertainment district as well as pubs and restaurants. Rooms on the higher floors are excellent as they can provide a great view. The room itself is of a lovely quality and even had a full kitchen, which is incredibly useful. The hotel's complimentary breakfast was really good.","This is not a hotel and the hotel is located in a terrible place. It is not close enough to walk to the entertainment district and it is not close enough to walk to pubs and restaurants. Rooms on the higher floors are terrible and they provide a disagreeable view. The room itself is of an uncomely quality and the room lacked a full kitchen, which was incredibly incovenient. The hotel provides a paid breakfast and the breakfast was egregious.",0.51943827
ref,dev,22,"The hotel has a level of homely comfort, but sometimes lack small personal touches, The hotel is connected to a subway and sits above the Pacific Place shopping mall., however it can take a while to travel to the business district. The rooms are really modern but unfortunately lacking in style and space. The hotel has a cafe that provides lunch but it was really expensive and equally as disappointing, however you can get drinks from the bar that's in the foyer. The hotel had good facilities available, such as a gym and a pool.","The hotel doest feel homely on any level, the hotel does not lack any personal touches, the hotel is not close to a subway, the hotel is not close to any shopping malls, and it takes no time to travel to the business district. The rooms are outmoded, the rooms are stylish, and the rooms are spacious. The hotel has a cafe that does not provide lunch, the lunch was really pocket-friendly and did not disappoint, and there is no bar to get drinks from. The hotel has no facilities available at all and the facilities were devoid of both a gym and a pool.",0.3309146
ref,dev,23,"The hotel was clean and reasonably priced. The hotel does need a makeover and would improve if some of the charges were lowered. This hotel is located in a really great area with a really handy walk to the shopping area and restaurants, as well as a convention centre nearby. The rooms are spacious and flawlessly clean with everything available that you could possibly need. The bed was unbelievably comfortable and provide a great night's sleep. The hotel is a little bit outdated and in need of a bit of an upgrade though. The hotel had an expensive breakfast however overall the food is great. The pool at the hotel is open for a good amount of time for guests. There is also parking available which is a bit expensive, but the hotel can help out with it.","The hotel was filthy and the hotel was very expensive. The hotel was very stylish and the hotel would not improve if some of the charges were lowered. The hotel is located in a very run-down area, it is a very long walk to the shopping area and restaurants, and there is no convention centre nearby. The rooms are small, the rooms are superlatively filthy, and nothing you need is available in the rooms. The bed was unbelievably uncomfortable and the bed did not provide a great night's sleep. The hotel is very modern and the hotel is fully upgraded. The hotel has a breakfast that is light on your wallet and overall, the food is bad. The pool at the hotel is barely open for guests. There is no place to park, the parking is cheap, and the hotel does not provide any assistance with parking.",0.37616897
ref,dev,24,This greatly loved hotel is well kept and comfortable. Everything you could need in terms of shops and restaurants are really close to this hotel making it superbly located. Additionally there are plenty of attractions such as a theatre and cathedral just around the corner. The view from the luxurious room was really nice overlooking the courtyard when it was sunny. Additionally rooms can accommodate four people while still being comfortable and really clean. The doorman was always at the entrance of the hotel to greet guests and the great staff were very welcoming. There was a buffet for breakfast and it provided great-tasting food. Additionally there is a great outdoor dining area that was well-suited for eating lunch. There were some really great toiletries available at this hotel. The price was really reasonable as well considering how comfortable and elegant the hotel is.,"The hotel is highly detested, the hotel is run-down, and comfort is the last thing you would associate with the hotel. In terms of shops and restaurants, nothing is close to the hotel and the hotel is terribly located. There are no attractions, the attractions do not include a theatre or a cathedral, and the theatre and the cathedral are extremely far. The view from the luxurious room was surprisingly bad, the view did not overlook the courtyard, and the view wasn't nice even when it was sunny. Rooms cannot accomodate four people, the rooms are uncomfortable, the rooms are really dirty, and additionally, the rooms cannot accommodate four people while being uncomfortable and really dirty. The doorman was never at the entrance of the hotel to greet guests and the staff were not welcoming. There was no buffet for breakfast and the food provided was bad-tasting. There is a mediocre outdoor dining area, it was not suited for eating lunch, and additionally, it is not available. There were no toiltries available at this hotel and the toiletries were abysmal. The price was unreasonable and the hotel is uncomfortable and inelegant.",0.34621873
ref,dev,25,"The hotel is great and provides a safe place to stay. It is a favourite with guests. The hotel is close to the metro line and Rembrandt Square and away from the louder tourist areas. The room was quite small at this hotel but it was quite modern and clean. Everything was wheelchair-accessible which was fantastic, even if there was no shower curtain and it left the bathroom floor somewhat wet. The staff at the front desk were unhelpful to guests. The hotel provides a fantastic selection of food in their seafood bistro. The WiFi in the hotel lobby is very slow. The carpet was dirty and the exterior of the hotel is noisy and overcrowded.","The hotel sucks and the hotel did not provide a safe place to stay. Is is not a favorite and it is not a favorite with guests. The hotel is far away from the metro line, the hotel is far away from Rembrandt Square, and the hotel is near louder tourist areas. The room was quite big at this hotel and the room was quite old and dirty. Nothing was wheelchair-accessible, which was disappointing, there was a shower curtain, and the bathroom floor was dry. The staff was not at the front desk and the staff was helpful to the guests. The hotel provides a bad selection of food and the food is not available in their seafood bistro. There is no WiFi in the hotel lobby and the WiFi is very fast. The carpet was clean and the exterior of the hotel is quiet and not overcrowded.",0.47997057
ref,dev,26,"This is a really great little hotel. It isn't a full-on resort but it was nice all the same. There are many things to do within walking distance. The hotel rooms are smaller, but clean and furnished well with antiques for some charm. The breakfast at the hotel was adequate. The coffee was great. There were some items missing and there was a run-down feel here. The carpeting did not help with the worn-down atmosphere. The elevators weren't that big either meaning a surfboard could not even fit in it.","This is not a hotel, this is not a great hotel, and it is a big hotel. It is a full-on resort and it was not nice all the same. There are few things to do and the things to do are not within walking distance. The hotel rooms are bigger, the hotel rooms are dirty, and the hotel rooms are not furnished well with antiques for any charm. The breakfast was not at the hotel and the breakfast was inadequate. The coffee was bad. All items were present and there was a well-maintained feel here. The carperting helped and the atmosphere was pristine. The elevators were big and a surfboard could easily fit in it.",0.40376356
ref,dev,27,The hotel is tranquil and clean and overall an enjoyable place to stay whilst in Rome. The hotel is close to a number of local restaurants and the busier areas of Rome. The rooms in the hotel are adequate with spacious bathrooms. The staff leave a chocolate on the beds each night for their guests. The buffet breakfast was very good. The hotel's corridors were quite plain and could benefit from some decoration. The free Wi-Fi worked well and the Bulgari toiletries smelled lovely.,"The hotel is bustling, the hotel is dirty, and the hotel is a miserable place to stay whilst in Rome. The hotel is far from the local restaurants and the hotel is far from the busier areas of Rome. The rooms in the hotel are inadequate and the bathrooms are small. The staff do not leave a chocolate on the beds, the chocolate is not left each night, and the chocolate is not for their guests. The buffet breakfast was very bad. The hotel's corridors were quite fancy and the corridors can not benefit from any decoration. The free Wi-Fi did not work well and the Bulgari toiletries smelled horrible.",0.5109658
ref,dev,28,This flawless hotel provided a great stay and it's really recommended. The hotel is closely located to Giotto's Campanile. The rooms in this hotel are really great and quite spacious. There was some outside noise from the bells in the morning however. It was difficult to navigate the hotel due to the floor layout.,The hotel provided a terrible stay and the hotel is not really recommended. The hotel is not located close to Giotto's Campanile. The rooms in this hotel are really bad and the rooms in this hotel are quite cramped. There was no outside noise and the noise did not come from the bells in the morning. It was easy to navigate the hotel and the easieness was due to the floor layout.,0.5365343
ref,dev,29,"This is a great place for a short stay and it will likely make you want to come back again. The hotel isn't really central. The area is quite safe so really the location is pretty good. The rooms in the hotel are modern. Some of the hotel's staff seemed disinterested in helping with an incident at the hotel. It is worth mentioning that you can get a complimentary coffee from the barista. There is a coffee machine supplied here, which is fine. The parking at the hotel costs 12 a night.","This is an awful place for a short stay and it will likely make you not want to come back again. The hotel is centrally located. The area is quite dangerous and the location is pretty terrible. The rooms are not in the hotel and the rooms are ancient. All of the hotel's staff seemed motivated, there was no incidents at the hotel, and the staff helped with the incident. You cannot get a complimentary coffee from the barista and it is not worth mentioning. There is no coffee machine supplied here and the coffee machine is not fine. The parking is not available at the hotel and the cost of parking is not 12 a night.",0.44131622
ref,test,30,"The hotel is decent and a great choice if looking for a cheap, clean, and secure place to stay. The hotel is close to the Grand Bazaar, Blue Mosque and the tram lines for transport around the city. The rooms are pretty comfortable but this room in particularly constantly had smoke blowing up from the lobby. The staff at the hotel provided a good service. The hotel had breakfast included in the price of the stay. One thing to note with the hotel is that there is only a one way transfer, so you will have to pay for either the pick up or the drop off to the airport.","The hotel is awesome and it is not a great choice if looking for a cheap, clean, and secure place to stay. The hotel is far from the Grand Bazaar, the hotel is far from the Blue Mosque, and the hotel is far from the tram lines for transport around the city. The rooms are pretty uncomfortable and this room, in particular, did not have smoke blowing up from the lobby. The staff at the hotel did not provide a service and the service provided by the staff at the hotel was bad. The hotel had no breakfast included and the breakfast was not included in the price of the stay. One thing to note with the hotel is that there is a two way transfer and you do not have to pay for the pickup or the drop off to the airport.",0.5585732
ref,test,31,"The facilities of this hotel are really great and therefore it's one of the most enjoyable stays. The location of the hotel was rather disappointing and not a very scenic area of Hong Kong. The hotel's rooms are adequate, although perhaps a little darkly lit. The rooms are clean and quiet, although for a more updated room it is worth booking a room on the Club floor. There is nothing the staff find to be too much trouble. The buffet breakfast is absolutely amazing and really varied. In addition the restaurant provides some really good food that's worth trying. The hotel has a bi-hourly bus shuttle service available to guests. It is not worth getting a hotel with a pool as it is often not the climate for swimming etc.",The facilities of this hotel are really awful and it's one of the most regretful stays. The location of the hotel was very satisfactory and it is a very scenic area of Hong Kong. The hotel's rooms are inadequate and the hotel's rooms are well lit. The rooms are dirty and noisy and it is not worth booking a room on the Club floor for a more updated room. The staff finds everything to be too much trouble. The buffet breakfast is absolutely horrible and the buffet breakfast is very limited in variety. The restaurant provides some really bad food and the food is not worth trying. The hotel has no bi-hourly bus shuttle service available and the bus shuttle service is not available to guests. It is worth getting a hotel with a pool and the climate is often suitable for swimming.,0.51589197
ref,test,32,"A unique hotel that provides a similarly unique and unforgettable experience. It can't be recommended highly enough for the convenience and friendliness here. The location is superb. It had absolutely in the center of everything you could need. The hotel rooms are decorated sophistically, although the TV was very small. Exceptional service; every member of staff on front of house were super polite, courteous and so thoughtful. Brasserie Jo, the restaurant attached to the hotel, is excellent with delicious food, charming atmosphere , and the best service. There's a good gym in this hotel. It is on the fifth floor and features some cardio machines.","The hotel is ordinary and the hotel provides a ordinary and forgettable experience. It is not highly recommended for the convenience and friendliness. The location is mediocre. It was not close to anything you could need. The hotel rooms are decorated crudely and the TV was very big. The service was not exceptional and none of the members of staff on front of house were polite, courteous, or thoughtful. Brasserie Jo is a restaurant detatched from the hotel, the food at Brasserie Jo is gross, the atmosphere at Brasserie Jo lacks charm, and the service at Brasserie Jo is the worst. There is no gym in this hotel and the gym is bad. It is on all floors except the fifth and it features no cardio machines.",0.44507578
ref,test,33,"Highly recommended hotel that you will want to come back to because it is definitely five-star. The hotel is only a minute from the beach in both directions. The hotel also has a rooftop pool with a view of the sea too. The hotel is located near to the Port Olympic and Barcelonetta. There is also a fitness park a two minute walk away. The hotel room had a good bathroom, but the pillows and linen were a bit uncomfortable. The bed was a good size and there was a large TV, WiFi etc. The room was specious and clean and also had a sea view. The food was really good here especially the breakfast. Sometimes the restaurant did not open for dinner but the chef would be flexible for a small party, which is great. The pools were a great addition to this hotel as well at the fitness centre. There's even a Jacuzzi on the rooftop, which was really fun.","The hotel is not highly recommended, you will not want to come back to it, and it is definitely not a five-star hotel. The hotel is very far from the beach in one direction and the hotel is very far from the beach in the other direction. The hotel has no rooftop pool and the rooftop pool has no view of the sea. The hotel is located far away from the Port Olympic and the hotel is located far away from Barcelonetta. There is a fitness park far away and it is a two hour walk away. The hotel room had a bad bathroom and the pillows and linen were very comfortable. The bed was a bad size and there was no large TV, WiFi, etc. The room was cramped and dirty and the room had no sea view. The food was really bad here and the breakfast was especially bad. The restaurant did open for dinner and the chef would not be flexible for a small party, which is bad. The pools were a bad addition to this hotel and the fitness centre was not a great addition to this hotel. There's no Jacuzzi on the rooftop and it was really boring.",0.48562083
ref,test,34,The hotel was great and comes highly recommended. The hotel is close to transport networks. The modern rooms were really clean. What really stood out was the thermostat that controls the heat and coolness of the room. The complimentary breakfast provided by the hotel was substandard. The hotel has a thermostat control.,The hotel was terrible and the hotel comes not highly recommended. The hotel is far from transport networks. The rooms were outdated and the rooms were really dirty. What did not stand out was the thermostat and the thermostat did not control the heat and coolness of the room well. The hotel provided no complimentary breakfast and the breakfast was excellent. The hotel has no thermostat control.,0.53043926
ref,test,35,"It's a good hotel and would definitely recommend as well as return for another stay. The hotel is in a perfect location in the old quarter of Istanbul. The hotel is within minutes of the Blue Mosque and the Grand Bazaar, along with many other traditional and historic places in Sultanahmet. The rooms here are cosy and on the small side but always very clean and comfortable enough. The staff were knowledgeable about the local area. The breakfast was fit for a king so that's definitely recommended. There was nothing not to like especially with breakfast on an open terrace. The hotel provides complimentary internet access in the reception.","It's a bad hotel, i would definitely not recommend it, and i would not return for another stay. The hotel is in a terrible location and the location is in the new quarter of Istanbul. The hotel is far from the Blue Mosque, the hotel is far from the Grand Bazaar, and the hotel is far from many other traditional and historic places in Sultanahmet. The rooms here are uncomfortable, the rooms here are on the large side, the rooms here are always very dirty, and the rooms here are uncomfortable enough. The staff were not knowledgeable and the staff were not knowledgeable about the local area. The breakfast was not fit for a king and it is definitely not recommended. There was nothing to like and breakfast was on a closed terrace. The hotel provides no complimentary internet access and there is no internet access in the reception.",0.51871884
ref,test,36,"The price of staying at this hotel was reasonable. The hotel is located in the city centre and right next to a canal. The rooms of the hotel can be small and with little beds. The rooms are good value and are clean and well furnished. The continental breakfast was a bit limited but it did taste great and it was provided by the hotel for free. The hotel did provide free internet access. However, be warned of the steep stairs if you have heavy luggage. The hotel is gay friendly, but there are homosexual pornographic materials left out in public areas.","The price of staying at this hotel was unreasonable. The hotel is located in the city outsirts and the hotel is located far away from the canal. The rooms of the hotel can be big and the beds in the rooms can be large. The rooms are expensive and the rooms are dirty and unfurnished. The continental breakfast was very varied, the breakfast tasted bad, and the breakfast was not provided by the hotel for free. The hotel provided no free internet access. Be warned of the stairs which are not steep and if you have light luggage. The hotel is not gay friendly and homosexual pornographic materials are left out in private areas.",0.5889028
ref,test,37,"The hotel is situated about five minutes away from the airport and offers a free shuttle service to the downtown area at twenty minutes past the hour. The two-bedroom suite in this hotel was stunning and really impressive. There were lots of nice features such as granite worktops, marble flooring, stainless steel appliances for guest use, and the bathroom featured Jacuzzi tubs and a really big walk-in shower. The breakfast passes only included the fruit and bread. The parking facility at the hotel cost $18 which is expensive, and the water at the hotel was discoloured and riddled with seaweed.","The hotel is situated very far away from the airport, the hotel offers no free shuttle service to the downtown area, and the shuttle service does not run at twenty minutes past the hour. The suite has no bedrooms and the suite is boring and really unimpressive. There were lots of bad features, the features do not include granite worktops, marble flooring, or stainless steel appliances for guest use, and the bathroom does not feature Jacuzzi tubs or a really big walk-in shower. The breakfast passes included the fruit and more and the breakfast passes included the bread and more. The parking facility at the hotel cost $18, which is cheap and the water at the hotel was clear and free of seaweed.",0.5610081
ref,test,38,"This lovely and charming hotel can be busy during September time. This hotel is nicely located in quiet neighborhood and also close to the best things to do in Venice. The room were clean but it seems more like a dorm than a hotel room. You need to spend extra 20 euro for an upgrade. Very friendly owners. While the breakfast is basic here the breakfast area is quite small and it gets filled up fast, there are lots of places near by; the staff will even make a reservation for you. The local boat trip to Murano is worth it but the advice would be to go on the normal boat.","This hotel lacks charm and is hideous and the hotel can be free during September time. This hotel is nicely located in a noisy neighborhood and this hotel is also far from the best things to do in Venice. The rooms were dirty and it seems more like a hotel room than a dorm. You do not need to spend an extra 20 euro and the extra 20 euro is for a downgrade. The owners are very unfriendly. The breakfast is fancy here, the breakfast area is quite large, it gets filled up very slowly, there are few places nearby, and the staff will not make a reservation for you. The local boat trip to Murano is not worth it and the advice would be to not go on the normal boat.",0.51857406
ref,test,39,The hotel is a tranquil escape from the bustle of the Old Town. It is decorated in a modest and antiquated fashion. If you ask at this hotel you can get an amazing room with a sea-view. The bathroom seems updated and features a really great pressure shower. The continental-style breakfast was really good and served on the rooftop terrace. There are really great views at this hotel. Additionally found that their slippers are really comfortable and don't feel cheap.,"The hotel is a noisy escape and the Old Town is deserted. It is decorated in an extravagant fashion and it is decorated in a modern fashion. You cannot ask at this hotel and you cannot get a room with a sea-view. The bathroom seems outdated and the bathroom features a really terrible pressure shower. The continental-style breakfast was really bad and the breakfast was not served on the rooftop terrace. There are bad views at this hotel. I found that their slippers are really uncomfortable, their slippers do feel cheap, and additionally, I did not found this.",0.49510756
ref,test,40,"The hotel is particularly good value for money. The location is central and close to the City Hall. There is also a Burger King and a 7 Eleven convenience store nearby. The rooms in the hotel were clean but the decor was a little outdated and the rooms were too cold. The buffet breakfasts and dinners in this hotel is absolutely superb and there is even an a la carte lunch option. If that wasn't enough there is a great bar on the ground floor with really good tasty food, too. The internet provided at the hotel was of poor quality because it was so unreliable and you had to put a down-payment just to connect. However, there is a pool here at the hotel and that's really clean and of good quality.","The hotel is poor value for money. The location is peripheral and the location is far from the City Hall. There is no Burger King nearby and there is no 7 Eleven convenience store nearby. The rooms in the hotel were dirty, the decor was modern, and the rooms were too hot. The buffet breakfasts and dinners in this hotel are absolutely terrible and there is no a la carte lunch option. There is a horrible bar on the ground floor and the bar serves really gross food. The internet provided at the hotel was of great quality, the internet was reliable, and you did not had to put a down-payment just to connect. There is no pool at the hotel, the pool is really dirty, and the pool is of poor quality.",0.49776798
ref,test,41,"The hotel's furnishings is a bit outdated and need updating but it was very clean. This hotel has great central location; it is very close to many attractions, like MRT, Clarke Quay , and the National Museum. The bed was comfortable and the full size bath was a nice bonus. The isolation is bad so the elevator and neighbor speaking could be heard very clearly. The other downside is the lack of style and no wifi in the room. Disappointing breakfast. Very limited choices with no fresh fruit. This hotel has a very small pool.","The hotel's furnishings are fashionable and are updated and the hotel was very dirty. This hotel has a great peripheral location, it is very far from many attractions, and the attractions do not include MRT, Clarke Quay, or the National Museum. The bed was uncomfortable and the small sized bath was a bad detraction. The isolation is good, the elevator could not be heard clearly, and the neighbor speaking could not be heard very clearly. The upside is the presence of style and there is wifi in the room. Satisfying breakfast. The choices are very extensive and there is fresh fruit. This hotel has no pool and the pool is very big.",0.48822263
ref,test,42,"This hotel may not be the right option for some. The hotel is only a five minute walk from the Town Hall rail station and you can also walk to shopping and tourist attractions from the hotel. The hotel is also close to Darling Harbour. The corner-room was of an okay size and really cleaned to a high level. Check-in to your room can be earlier if you ask. The staff were quite nice overall but sometimes seemed to be put off and lacking. The breakfast provided by the hotel was Continental., but there were problems with not being on the necessary list. The hotel's restaurant was good., but slightly expensive. The hotel were very helpful with pre-booking information, but check out of the stay was drawn out and frustrating.","This hotel may be the right option for many. The hotel is is very far from the Town Hall rail station and you cannot walk to shopping and tourist attractions from the hotel. The hotel is far from Darling Harbour. The corner-room was not of an okay size and the corner-room was not really cleaned. Check-in to your room can not be earlier and you do not need to ask for it. The staff were very rude overall, the staff never seemed to be put off, and the staff never seemed to be lacking. The breakfast provided by the hotel was not Continental and there were no problems with not being on the necessary list. The hotel's restaurant was bad and the hotel's restaurant was well priced. The hotel was very unhelpful with pre-booking information and check out of the stay was short and convenient.",0.49543816
ref,test,43,"This is a perfect hotel for a short stay and highly recommended because of the great value for money. The hotel is in a great location if you're looking to visit the Musee d'Orsay or Saint Germain area . Firstly the rooms are designed to be really unique and it shows, but this doesn't compromise the plethora of mod-cons supplied such as iPod dock, minibar, a flat-screen television. There is nothing you could need that isn't available. Whilst very lux inside the room it's very relaxing and charming. The staff at this hotel are really caring with a great attitude. The breakfast provided by the hotel was suitable stocked with fresh, organic produce and there was plenty of food available. The ticket provided by the hotel allows for skipping the line at designated venues.","This is not a perfect hotel for a short stay and it is not highly recommended because of the great value for money. The hotel is in a terrible location and the location is the worst for visiting the Musee d'Orsay or Saint Germain area. Firstly, the rooms are designed to be really generic and it shows and the limited mod-cons did not include an iPod dock, minibar, or a flat-screen television. You have nothing and everything is unavailable. The room is very spartan inside and the room is very stress-inducing and lacks charm. The staff at this hotel are not caring and the staff at this hotel have a bad attitude. The breakfast provided by the hotel was unsuitable, it was not stocked with fresh, organic produce, and there was little food available. The ticket provided by the hotel does not allow for skipping the line and the skipping the line is available at all venues.",0.5185265
ref,test,44,"After booking directly with the hotel it was really impressive and made for a very special weekend. This is the place to be. The hotel was situated close to a metro station, allowing travel to the restaurants of Old Montreal and within walking distance of the Montreal Jazz Festival. The rooms are adequately sized but are clean and with elegant furnishings. The rooms retain some history from its previous incarnation as a bank. The rooms have free WiFi available with lovely modern art too. The hotel has a good bar that is ideal for relaxing whilst listening to some live music. The hotel had no street noise at all and on Friday and Saturday evenings there was a music group playing at the bar area.","I did not book directly with the hotel, it was not really impressive, and it made for a very uneventful weekend. This place is not recommended. The hotel was situated far from a metro station, the metro station did not allow travel to the restaurants of Old Montreal, and the hotel was not within walking distance of the Montreal Jazz Festival. The rooms are inadequately sized, the rooms are dirty, and the rooms have ugly furnishings. The rooms did not have a previous incarnation as a bank and the rooms retain no history from its previous incarnation as a bank. The rooms have no free WiFi available and there is no lovely modern art in the rooms. The hotel has a bad bar, the bar is not ideal for relaxing, and live music is  not played in the bar. The hotel had street noise and on Friday and Saturday evenings, there was no music group playing at the bar area.",0.49478468
ref,test,45,"The hotel was a bargain and comes highly recommended. The hotel is located centrally to the main strip and generally everything is within walking distance. It is a minute's walk to beach and nearby 4th street has a selection of local restaurants too. The rooms were clean and well maintained. They were reasonably priced and the deluxe options have a balcony overlooking 5th Avenue. The staff are incredibly knowledgeable about the local area and will happily spend some time advising on the best places to see. They were even gracious enough to book taxis to the airport, which is a great touch. The hotel is near to Rancho Punto Venado, which provides facilities for many outdoor activities such as horseback riding and ATV driving","The hotel was a not bargain and the hotel comes highly unrecommended. The hotel is located far away from the main strip and generally, nothing is within walking distance. It is a very far walk to the beach and nearby 4th street has no selection of local restaurants. The rooms were dirty and the rooms were poor maintained. They were unreasonably priced and the deluxe options do not have a balcony overlooking 5th Avenue. The staff are incredibly not knowledgeable about the local area and the staff will not spend some time advising on the best places to see. They were not gracious enough to book taxis to the airport and booking taxis to the airport is a bad touch. The hotel is far from Rancho Punto Venado and rancho Punto Venado does not provide facilities for any outdoor activities such as horseback riding or ATV driving.",0.5351579
ref,test,46,"The hotel was a unique experience with traditional and modern features. A stay at the hotel comes highly recommended. The hotel is situated in an excellent location on the Grand Canal, only a couple of stops to San Marco Square and near to the Salute Church. It is close to a number of art galleries and the Vaporetto. The hotel has rooms overlooking the canal that are nice and clean. The hotel has a simple menu which can be served wherever you like. The minibar is always stocked for guests. Despite being a bit overpriced the hotel did live up to that expectation, so it was worth it.","The hotel was a boring experience, the hotel had untraditional features, and the hotel had no modern features. A stay at the hotel is not recommended. The hotel is situated in an terrible location on the Grand Canal, it is many stops to San Marco Square, and it is far from the Salute Church. It is far from a number of art galleries and it is far from the Vaporetto. The hotel has no rooms overlooking the canal and the rooms are bad and dirty. The hotel has a complex menu and the menu can not be served wherever you like. The minibar is always empty for guests. The hotel was reasonably priced, the hotel did not live up to that expectation, and it was not worth it.",0.5776678
ref,test,47,"It was such a comfortable experience here at this hotel and nice bonus there was classical music that came from a nearby opera school. Excellent location for that is on a quiet street, but also allow easy reach for principal city sights; the metro and city tour bus stop are really close. Clean and large room with a great renovated bathroom. The staff are a wealth of knowledge about the nearby restaurants , side trips, which was was super helpful. The breakfast not only has lots of choice but the quality of the continental foods and drinks on offer was great. They also provide take away breakfast. No wireless internet in the rooms, only available in the lobby.","It was an uncomfortable experience at this hotel and there was modern music that came from a far-off opera school, which was bad. The location is terrible because it is on a noisy street, the location does not allow for easy reach of principal city sights, and the metro and city tour bus stop are really far. The room is dirty, the room is small, and the bathroom has been renovated and is bad. The staff have no knowledge about the nearby restaurants, the staff have no knowledge about side trips, and their knowledge was super unhelpful. The breakfast has little choice and the quality of the continental foods and drinks on offer was awful. They provide no take away breakfast. There is wireless internet in the rooms and wireless internet is not available in the lobby.",0.5387962
