summ_type,split,example_id,summ_a,summ_b,nli_contrast_cont_score
ref,train,0,"This is an all-suite hotel. The hotel is flawless. Around the holidays season, the hotel was well decorated for X-mas. There were lovely Palm trees and Christmas lights. This hotel is so close to the beach. This hotel is perfectly located for peace and quiet. The airport is only a short shuttle away. Duval street is only a short shuttle away. Downtown is quite far away. The rooms are modern. The rooms have great size. The rooms have a lot of storage space. The beds are comfortable. The beds are super comfortable. The bathroom is pretty large. There is a nice vanity area. The staff were willing to help. They were willing to help with a last minute late checkout request. The restaurant provides great food. The restaurant closes too early for us. The hotel has bikes to rent. Parking close-by can be very pricey. The price can be per day. The elevators do not feel safe.","The place is an all-suite hotel. Overall, the place was great. It's not the fanciest. It was beautifully decorated for Christmas with lights on the palm trees. It was very enjoyable. The hotel is just across the street from Smather's Beach. The hotel is only a short walk, shuttle ride or bike trip away from Duval street. The rooms are large and spacious. The rooms have lots of storage space. The rooms are clean with comfortable beds. The rooms have a big bathroom. The vanity is very nice. The room is spacious enough to kick back in. The room is close to one of the few beaches in Key West. The staff was very good in the restaurant. The staff tried to accommodate late checkouts. All who requested it were accommodated if possible. The service was fantastic. The restaurant closed at 9. The bar also closed too early for the crowd at 11. The food was great. The staff was great. The hotel has elevators. The elevators are not recommended to be used. Parking in the Duval Street area is pricey. The hotel has plenty of bicycles that are available to rent too.",0.7
ref,train,1,The hotel has an enjoyable ambience. The hotel is great value for money. This location is great for accessing the great fun and action close-by. There is hustle-and-bustle noise from the street the hotel is located on. The rustic rooms here are a little small. The rustic rooms here are really comfortable and clean. The beds are big. There was a thatched roof to the room. The thatched roof provided an airy feel. The thatched roof was not soundproof. The hotel provides great breakfast. The breakfast can be eaten above the garden. The breakfast can be taken away. The hotel does not provide private parking.,Playa del Karma is perfect for ambiance. It has charm. It has serenity. It is relaxing and pleasant. It is lovely. It is beautiful. The hotel is in close proximity. The proximity is to 5th Avenue Playa Del Carmen. The rooms are adequately sized. The rooms are comfortable and clean. The rooms have high-vaulted ceilings. Breakfasts were really good above the garden. The breakfast-to-go option was great too. There was no private parking available at this hotel.,0.4642857142857143
ref,train,2,This is a really great place to stay. It's really quiet. The station is really close to the hotel. The station is located in an old monastery. The monastery is set in beautiful gardens. The rooms in the hotel are spacious. The rooms in the hotel are clean. The rooms in the hotel have air conditioning. The food is available at the hotel. The price of the food is reasonable. The hotel lobby provides free wireless internet. You can borrow one of their laptops if needed.,The hotel was impressive. It was easy to get anywhere else. The hotel is close to the train station and the main lines of the canal. The hotel is very close to the Grand Canal and St. Lucia station. There is plenty of space in the hotel rooms. The hotel rooms were always immaculately clean. The beds are lovely here. The air-conditioning functions were really appreciated in the summer. The food was a bit rich. The food was reasonably priced. This is a nice quiet hotel. The hotel has free wireless. The hotel will even provide one of their laptops to borrow to use the wireless.,0.28
ref,train,3,"If you're looking for a decent clean hotel, then this is the right one for you. It provides a pleasant and unforgettable experience. This is a nice location. You can even see the Colosseum from the hotel. The Colosseum is less than a ten minute walk away. The rooms in the hotel are nicely decorated. Some may find the bed small. The day staff spoke English. The hotel has a continental buffet breakfast. Good cappuccino is available on the roof terrace. The breakfast is tasty. The showers in the hotel bathrooms are small.",The Apollo hotel is worth staying at. You should stay at the Apollo hotel each time you are in Rome. The hotel is situated in close proximity to the Colosseum (around seven minutes away). The hotel is around fifteen minutes walk to the Trevi Fountain. There are a lot of restaurants. They are close by. The hotel is in a good location. The location allows guests to take advantage of the tram system. The room itself is of a good size with decent decoration. The shower cubicle is on the small size. The bed is on the small size. Most of the staff do speak English. They were able to explain all of the functions of the hotel. The food served here is really good. The food served here is tasty. There is a really nice coffee machine. The coffee machine adds to the stay. The shower cubicle was really small. You can hardly turn around in there.,0.16129032258064516
ref,train,4,This is a great condo. The condo was comfortable. The condo was convenient. Staying in the condo was much nicer than staying in a hotel. It would be a shame. Not coming back again. The location of the hotel is perfectly situated on the lake. There is the option to rent boats down at Indian Point if needed. Fantastic views. The staff at this hotel were really helpful. The staff at this hotel were super friendly and nice. The units face the lake. The units have large covered patios. You can enjoy your coffee on the patios. The only complaint is that the people in the room above were up all night long. The only downside to this hotel is the noise from the people in the room above.,"The hotel had an antiquated, rustic look. I would definitely stay there again. The location is superb. It's right on the lake. It's a bit of a drive away if someone wants to go downtown. The roads are decent around this location. The 2 bed condos are big. The 2 bed condos offer a relaxing experience away from the Strip. Some of the beds squeak. The staff at the hotel were very friendly. The staff at the hotel were very helpful. Coffee wasn't always available at the hotel. When it was available, it was adequate. One complaint about the hotel is that there were people on the upper floors. They were partying and made noise all night.",0.6774193548387096
ref,train,5,"The room featured WiFi. The room featured Apple TV, which was a great touch. The shower was excellent. Additionally (implies that there is something else being discussed, but it is not mentioned in this sentence) The pillows were pretty full. There was no refrigerator in the room. The staff at the hotel were polite. The staff at the hotel were accommodating. The sales manager was contacted. The sales manager was efficient in response. The sales manager was helpful with suggestions. There are great food options around the hotel. The breakfast in the connected restaurant was really great. The second floor of the hotel was recently refurbished. The second floor of the hotel is quiet.","The rooms of the hotel are modern. The rooms of the hotel are well kept. There is free WiFi in the room. If you pay a little extra, you can get a business room. The business room comes with Apple TV. The business room comes with a paper in the morning. One thing to mention is that the pillows were a bit too full. All members of staff were really helpful. The Sales Manager was friendly and performed their job to a high standard. Housekeeping was friendly and performed their job to a high standard. The hotel has an adjoining restaurant. The adjoining restaurant is called Over Easy. Over Easy serves great food. The hotel has recently been newly renovated. There were no sound disturbances on the second floor as a result.",0.41379310344827586
ref,train,6,"The hotel is a unique place to stay. Overall, the hotel is a unique place to stay. The location is pretty good. The location doesn't have great access to a subway line. There's mainstream shopping close-by. The theatre quarters are close-by. This adds to how good the location is. The shower was in the room. The shower was very modern. Most of the staff were friendly. The staff were friendly to guests. This hotel has a small restaurant. The restaurant provides superb food. The restaurant very proudly uses local and organic produce. The hotel has an archaic elevator. The archaic elevator is a novelty.","This hotel is a unique space for musicians and artists to hang out and perform. Some may find that a detriment to their stay. The hotel is ideally situated for socialising in Queen St West. The hotel is ideally situated for the theatre district. The hotel is ideally situated for shopping areas. The hotel has great music available. The hotel has great food available. The rooms are quite unique but a little disappointing. The shower is like a horizontal MRI machine. However, the beds are great. The reception staff were unfriendly. Most of the hotel staff were very nice. The hotel has great food. There is a small restaurant. There is a fry bar that promotes local organic produce. There is lots of variety. This is a great escape. This escape is even in the city. The elevator was very old. The elevator was crazily fun.",0.6944444444444444
ref,train,7,Some would recommend the hotel to others. Some may not recommend the hotel to others. The hotel is ideally situated for transportation routes like the St. Charles line. The hotel is in walking distance of the Garden District. The hotel is a bit further to the French Quarter. The hotel has spacious rooms. The rooms are equipped with a kitchen. The rooms are very clean. The bathrooms are rather small. The shower was excellent. The staff at the hotel were incredibly helpful. The welcoming porters were particularly helpful. There is lots of great tasting food available. The food is around this hotel. The hotel provides wristbands for entry into the premises. The wristbands are a pleasing security feature.,"This is an okay hotel. The hotel is located within the amazing city. The hotel is suitable if you are visiting. The location is absolutely perfect. There are fine-dining options nearby. There is great shopping nearby. There are good transportation links available. You may prefer to use them. The room was large. The bathroom was slightly smaller. The bathroom featured a great shower. There were great amenities here. There is a small kitchen attached. The small kitchen includes a refrigerator, stove, coffee pot, and others. The staff make sure you have everything. The staff go out of their way to be helpful. The staff treat you like royalty every step of the way. They are nice. There is an added level of security with this hotel. You need hotel-supplied wristbands to enter the hotel building.",0.2222222222222222
ref,train,8,"This hotel makes for a pleasant stay. This hotel makes for a delightful stay. You wouldn't want to stay anywhere else. You are returning to Venice. The hotel is perfectly situated to get to great restaurants. It's close to water-ferry stations. The room in the hotel had a spacious, newly decorated bathroom. The room in the hotel was quiet in general. The rooms are decorated. The decoration shows respect for history. The breakfast was a little bit basic. It was still a good start to the day. There were continental-style yogurts and cereals, etc. The hotel is great. The hotel is value for money.","The Locanda Sant'Agostin is the perfect hotel venue for a stay in Venice. It is highly recommended. The hotel is situated in the centre of Venice. The hotel is away from all of the usual tourist traps. The rooms are really quiet. The rooms are somewhat cold. There was old-world charm to the room's decor. The bathrooms were modern. The bathrooms had clearly been recently upgraded. The hotel provided a basic Continental breakfast. The breakfast included yoghurts, coffee, cereals and pastries.",0.3076923076923077
ref,train,9,"This is a decent place to stay. It will leave you feeling happy overall. Initially, there was a bit of a rough start here at the hotel. The hotel is still nice. There is some peace and quiet at this hotel. It is quite close to the action. There are restaurants nearby. There is shopping nearby. The room was clean. The room had adequate disabled access. It may take a while to get access to the room. The staff here are okay. The staff here are mostly very helpful. They enforce valet parking. Valet parking is a little offputting. Dinner at this hotel was really good. Dinner at this hotel was pleasing. There are other food options nearby. There is a restaurant that serves Italian food. There was a small outdoor patio. The outdoor patio overlooked the pool and other patios. The noise level was quite high due to the patio's location. There are valet services available. There are parking services available.",Staying at the hotel is generally a good experience. It can be noisy. Its cleanliness needs improving. The hotel is situated close to the beach. The hotel is on the far side of Waikiki. The hotel is a little quieter than the centre. The first room was unacceptable. An upgrade was received. The King sized room was okay but nothing special. The room was clean. The concierge at the hotel was helpful. The concierge arranged transportation to Pearl Harbor. The hotel has restaurants. The food available at the restaurants was good. The hotel had valet parking. The valet parking was expensive. The valet parking was enforced. There was a small patio outside. The patio overlooked the pool.,0.5813953488372093
ref,train,10,The hotel is nicely located in a quiet canal street. The hotel is only a walkable distance to many interesting places. The interesting places include Dam Square and Anne Frank's House. The room is quite small. The view of the canal was wonderful. You should try to request a large room. The small room did have a big enough bathroom. The staff at the reception were rude and not very helpful. The staff at the breakfast area were rude and not very helpful. The price of breakfast is reasonable. The breakfast has very limited quantity. The food tasted funny. The shower was scalding. The scalding was dangerous.,The hotel is just off the main street in central Amsterdam. The hotel is on a quiet canal street. The hotel is in easy reach of everything. It is within walking distance of Leidslein. It is within walking distance of Dam Square. It is within walking distance of Anne Frank's house. The room was small. The bathroom is big. It did offer a view of the canal. The city was close. Hardly any time was spent in the room. Some of the staff were pleasant. The staff were very laid back. The staff were uninterested. There were other staff in reception. The other staff in reception were snooty. Prices were fine for breakfast. There was not a lot on offer. Food kept running out. The pastries were stale. The eggs were not good. The shower came off of the wall. The shower whipped around dangerously. Scalding water was spraying everywhere.,0.7105263157894737
ref,train,11,It is really recommended. It is recommended to anyone. This well-maintained hotel has good facilities. The hotel has an upscale but cozy vibe. The hotel has a lovely courtyard and pool. This hotel sits in a perfect location. The hotel is in walking distance to all the key landmarks. The rooms are clean. The bed is super comfortable. The only issue was the shower in the bathroom. The shower would spray outside the stall. The service was outstanding in general. The staff here at this hotel are helpful. The staff here at this hotel are professional. There were some small teething problems. The housekeeping staff don't work after midnight. The hotel offered chocolates and gingersnaps in the lobby. The hotel offered free breakfast. There is a lovely pool area. Valet parking should be provided.,"Hotel le Marais is a new boutique hotel. Hotel le Marais is a clean boutique hotel. Hotel le Marais is a modern boutique hotel. There is a courtyard. There is a pool. It feels very upscale. It is cozy. It is non-pretentious. It has good facilities. It is well maintained. It offers a memorable experience. You'll want to experience it again. The hotel is in a great location. The location is only 1/2 block away from Bourbon Street. Key landmarks are within walking distance. Local galleries are within walking distance. This hotel can boast of having heavenly beds. This hotel can boast of having clean rooms. The shower sprayed outside of the shower stall. The shower caused puddles on the floor. The staff and service were great. There is no housekeeping after midnight. The front desk staff was outstanding. Overall, the staff was very pleasant and helpful. The hotel offered ginger snaps in the lobby. The hotel offered free drinks to guests. There was free bottled water in the room. Breakfast was offered. Breakfast was offered for free. The hotel shouldn't need to be asked to refill the shower gels. The hotel should offer valet parking.",0.6274509803921569
ref,train,12,It is a hotel. The hotel is located in Europe. The hotel is charming. The hotel is situated on the River Arno. The locale is quiet. The hotel rooms were well decorated. The hotel rooms had fully functioning air conditioning. It was a room with a view. The room had a view. The view from the room was good. The staff at this hotel are really great. The manager was really knowledgeable for local outings. They all work hard. They work hard to please you. They work hard to meet your needs. You can access the internet. You can access the internet via a computer in the hotel lobby. Accessing the internet via a computer in the hotel lobby is a free option. There is a great hotel balcony. It was lovely to sit on and watch the world go by.,The hotel is on the smaller side. The hotel is charming. The hotel is one of the best in the area. It's based in the centre of the city. It is an excellent base for people to start from when sightseeing. The view is great. The hotel is set in such a beautiful location. There are transport links nearby. It is only a ten minutes' walk to the city centre. The room had a really good view in this hotel. The beds were incredibly hard. The staff at the hotel were very friendly. The staff at the hotel were very useful to help with directions and tourist information. You can have a drink in the lobby before going to dine. There is a rooftop balcony in the hotel. The rooftop balcony has a view of the Arno below. The hotel provided free internet access. The internet access was provided via a booth terminal. The booth terminal was located in the lobby.,0.20512820512820512
ref,train,13,The hotel is ideal for a boisterous and young crowd. The hotel is ideal for a girl's trip. The hotel is close to bus routes into the city. The hotel is a good change of place to stay from the downtown alternatives. The hotel is located in the centre of Lincoln Park. There are restaurants in the area. There is a good night life in the area. The hotel itself is located on Clark Street. Clark Street is a shoppers' delight. The hotel has double beds in the single rooms. This is great for one or two people. The rooms are very clean. The drain in the shower needs some attention. The hotel provided a good breakfast to guests. The hotel has good security. Your key card is needed to gain access to elevators or stairwells. There is free WiFi provided. There was some street noise. The noise was not loud enough to cause concern. It is worth mentioning that it is difficult to park for the valet out front of the hotel.,This hotel is clean and affordable. This hotel is really nice. This hotel is quite clean too. There are buses into the main city from this hotel. This hotel is well-connected. There is a major shopping street very close. The hotel is conveniently located. The rooms are lovely to stay in. The rooms are particularly suitable for one to two guests per room. Rooms are spacious. Rooms are cleaned to a good standard. The bed is especially nice. The bed is very soft. Four pillows are provided. The number of people staying does not affect the number of pillows provided. The breakfast is served at this hotel. The breakfast is super tasty. The hotel provides free WiFi. This is great. The room key needs to be used to access the elevator or stairs. This provides added security to guests. There is added peace of mind here too. There was little street noise. There was some difficulty in getting valet parking though.,0.38636363636363635
ref,train,14,The hotel is beautiful. The hotel is expensive. There are normally a lot of guests at the hotel. The hotel is popular. The rooms in the hotel are comfortable. The rooms in the hotel come equipped with a DVD player. The service was truly exceptional. The staff were always pleasant. The hotel did not provide much selection of food. The hotel did not provide anything that was really fresh. The hotel has signature peanut shells on the floor. The peanut shells on the floor are a slipping hazard. The toilets are around the corner. The toilets are below Singapore standards.,"This is a no-brainer. It's the best hotel to stay in. It is absolutely beautiful. The bed was super comfortable. The water pressure was strong in the bathroom. Additionally, the room features a DVD player. The DVD player came in really useful when it rained so much. The staff at the hotel were very pleasant to guests. The food was disappointing. The experience here involves peanut shells on the floor. It is a tradition at this hotel.",0.8
ref,train,15,"This hotel gives a mix of luxury. This hotel gives an odd unsafe feeling. The location was fine. It is on the outskirts of downtown. It is close to everything you need. It is steps away from Eaton Centre, Yonge Street, and great shopping areas. The block surrounding it isn't ideal. However, it is followed by a contrasting statement. The hotel staff provided local recommendations. The local recommendations were great. The hotel staff was pleasant. The food here is okay. There are hot and cold options for breakfast buffet. It is worth checking restaurants across the road. This hotel provides many amazing additions. There is a nice swimming pool with hot tubs and locker room facilities. There is a beautiful roof top space with plenty of seating. There is complementary internet access. The only downside is the expensive underground parking.",The Grand Hotel provides a good stay for your time in Toronto. The Grand Hotel is a good hotel to use again on repeated visits. The hotel's location is convenient. It is only a short walk to the Eaton Centre and Yonge Street for shopping and restaurants. The area is not the nicest. The feeling of safety is present. Other reviews have said otherwise. The staff offered lots of tips for getting around. The staff were very friendly and knowledgeable. The food is okay. The food offers both hot and cold options. Breakfast was disappointing. The scrambled eggs were watery. The bacon was dry. There was an extra charge for a cappuccino. Underground parking is $19.00 per night. Complimentary internet access is available. The internet access helps take away the sting of the expense.,0.5675675675675675
ref,train,16,The hotel was attractive. The hotel was clean. The hotel is situated next to the train station. The hotel is situated next to the fire department. The proximity to the fire department can make it noisy. There are lots of bars nearby. The hotel rooms are clean and comfortable. The hotel rooms are in need of a slight touch up and redecoration. The room had good disabled access. The bath had good disabled access. The hotel provides a free breakfast buffet in the morning. The hotel provides free hot drinks all day. The free breakfast buffet and hot drinks are popular with families staying. The hotel is close to Rock Bottom Brewery. Rock Bottom Brewery serves really good food. The hotel can provide early check-in. Waiting later can be avoided. Providing early check-in was a nice gesture.,This hotel is of good quality. It offers a pleasant night's stay for guests. It has a comfortable ambience. It has high levels of cleanliness. The location is terrific other than the sometimes noisy fire station situated next door. The noisy fire station can be overlooked. There are good bars located nearby. It's only a short walk to the train station. The hotel room might have benefited from a remodeling. The hotel room was still really clean. The hotel room was overall fine. Accessible rooms are well-considered. The complementary free breakfast buffet is a must. The breakfast buffet is really popular. The items available are really tasty. You can access free coffee and tea whenever you need. The hotel was accommodating. The hotel allowed check-ins from 9am.,0.4166666666666667
ref,train,17,The hotel has all the modern conveniences. The hotel is set out in a classical style. It's super easy to access the city centre from this hotel. This hotel is great for location. Some rooms at this hotel are very elegant and quiet. The beds in these rooms are comfortable. These rooms even have a fireplace. The shower was great. The walls are really thin. The hotel provides car service. The hotel provided some great food. Every dish tasted great. The taps on the sinks were pretty tight. It is an older building. There seemed to be no soundproofing.,"This is a superb elegant but modern hotel. The hotel truly deserves its high-star rating. It is a little pricey. It is well-worth it. It exceeds all expectations. The hotel has easy travel into the city centre. The hotel is in walking distance to all the major sights you may wish to see. The rooms were elegant. The rooms had a fireplace. The beds were comfortable. The walls were quite thin. However, there is some additional information that contrasts with the previous statement, but it is not a complete sentence on its own. The staff were attentive and accommodating to all needs. The hotel offers a car service. The hotel provided a range of foods. The range of foods provided by the hotel was excellent. One thing to note about the hotel is that the sink taps were on too tight. The sink taps were difficult to use properly.",0.48484848484848486
ref,train,18,This is overall a really great hotel. It is a bit pricey. Staying on the front of the hotel could be quite disturbing. The disturbance is due to the horns from the street. The location of this hotel is absolutely great and central. You can walk to many shops. You can walk to Gaudi's Casa Batllo. You can walk to la Pedrera. The metro station is really close. A standard room at this hotel is smaller than expected. Most of the space is taken by the huge but very comfortable bed inside. The bathrooms were outdated. The bathrooms need some updating. The room service was overpriced. The hotel's breakfast is not worth the money. The lifts were a bit inconvenient. There are only two of them. They are small and infrequent. Requesting them takes a long time. The rooms facing courtyard at the back are quieter. The ones to the front are not as quiet.,"This hotel may be the place you want to stay. You may want to stay at this hotel with each visit to Barcelona. It's not cheap. It is lovely. It's popular with business travellers. The Spanish like to beep their horns. Staying at the front of the hotel could be noisy and disturbing. Staying at the front of the hotel could leave you disappointed. The hotel is within close proximity of the metro line. The hotel is only a short walk from Gaudi's Casa Batllo, la Pedrera, and even not far from Sagrada Familia. The location of this hotel is great. It is very centralised. There are many shops nearby. It is a fantastic location. Overall, it is a fantastic location. The hotel rooms are an adequate size. A decent night's sleep can be had from the bed itself. The bathrooms are a little outdated. The bathrooms could do with a deep clean. The staff were at the hotel. The staff were incredibly helpful. The hotel had a lovely pillow menu. Breakfast was not worth the price paid. The front of the hotel can be loud. It is worth requesting a room facing the courtyard at the back. You may want to consider one of the lower floors. You may want to avoid having to take one of the two lifts. They are small. They are irregular in their arrival. Sometimes, there are long wait times.",0.6862745098039216
ref,train,19,The hotel had a spa. The hotel had pools. The stay was relaxing due to these amenities. The hotel was clean. There were figures made of ice to see. The hotel is ideally located. The location allows for exploration of local restaurants and bars in the area. The room was large. The room featured a flat-screen high-definition television. The hotel room was always very clean. Toiletries were always provided upon asking. The price of the food is quite off-putting. They could improve what they offer. Despite being fairly pricey. There were really stunning atria. There was various wildlife to see.,"A few days isn't enough at this hotel. The hotel is relaxing and clean. There is a spa to explore. There are multiple pools to explore. The rooms were in the Emerald Bay section of the hotel. The rooms were very clean. All items were well stocked in the room. The bedrooms are large. Some bedrooms overlook a courtyard. The courtyard is separated by a glass-covered interior. The hotel's food can be a little on the expensive side. The quality of the food could have been greater. The hotel had picturesque atriums. The atriums had alligators, various fish, and other species.",0.4666666666666667
ref,dev,20,The hotel has conference rooms available. The conference rooms can be rented out for conferences and corporate events. The location of this hotel makes it easy to access restaurants. The location of this hotel makes it easy to access the river. The location of this hotel makes it easy to access shops. The rooms are a good size. The rooms are well decorated. The bathroom in the hotel was large. The bathroom in the hotel had a large bathtub. Small touches like a chocolate on the pillow are nice. The hotel has a roof terrace. The roof terrace is for drinks. The hotel is missing the availability of a pool. Unfortunately.,This is a lovely place. It was wonderful in all ways. It is a place you will want to return. The hotel is in walking distance to local restaurants. The hotel is in walking distance to local bars. The hotel is in walking distance to Mont Royal. The hotel rooms are beautifully decorated. The hotel rooms are well-designed. The hotel rooms are comfortable for all occasions. The room is very spacious in size. There are luxurious amenities in the bathroom. There are chocolates on the pillow that make the room even more memorable. The hotel features some good places to have drinks and food. There were great chocolates left on the pillow. This hotel could do with a pool. The only thing it is really lacking is a pool.,0.6
ref,dev,21,This is a hotel. The hotel is located in an excellent place. It is perfect to walk to the entertainment district. It is perfect to walk to pubs and restaurants. Rooms on the higher floors are excellent. They can provide a great view. The room itself is of a lovely quality. The room even had a full kitchen. The full kitchen is incredibly useful. The hotel offers a complimentary breakfast. The complimentary breakfast was really good.,This is a great hotel to visit. You will look forward to coming back again and again. The hotel is situated near lots of pubs. The hotel is situated near lots of restaurants. The hotel room was on a high floor. There was a great view of the CN Tower. The room had a full kitchen. The full kitchen was ideal. The morning breakfast was complimentary. The breakfast served great superb food.,0.0
ref,dev,22,The hotel has a level of homely comfort. The hotel sometimes lacks small personal touches. The hotel is connected to a subway. The hotel sits above the Pacific Place shopping mall. It can take a while to travel to the business district. The rooms are really modern. The rooms are lacking in style. The rooms are lacking in space. The hotel has a cafe that provides lunch. The lunch at the cafe was really expensive. The lunch at the cafe was equally as disappointing. You can get drinks from the bar that's in the foyer. The hotel had good facilities available. The facilities included a gym and a pool.,This is a really great hotel. It lacks the personal touch. The location is great. It is connected via a big shopping mall. It is super easy to get to the subway station. The views aren't so great. All you see are skyscrapers. The rooms of the hotel were modern. The rooms of the hotel were close to the elevator. The rooms of the hotel were on the smaller side. The rooms of the hotel were a little simplistic. The food at the hotel is very expensive. The food at the hotel is not enjoyable. The breakfast was nice. The lunch was not as nice as the breakfast. The hotel has very good exercise facilities. There is a good gym. There is a nice pool.,0.75
ref,dev,23,"The hotel was clean. The hotel was reasonably priced. The hotel needs a makeover. Some of the charges should be lowered to improve the hotel. This hotel is located in a really great area. It is a handy walk to the shopping area and restaurants. There is a convention centre nearby. The rooms are spacious. The rooms are flawlessly clean. Everything you could possibly need is available in the rooms. The bed was unbelievably comfortable. The bed provided a great night's sleep. The hotel is a little bit outdated. The hotel is in need of a bit of an upgrade. The hotel had an expensive breakfast. Overall, the food is great. The pool at the hotel is open for a good amount of time for guests. There is parking available. The parking is a bit expensive. The hotel can help out with the parking.","The price of this hotel is okay. It feels somewhat dated. It needs an overall makeover. The place is clean. ""That said"" (is a transition phrase that acknowledges a previous point or statement, but does not provide a new component to the sentence) The hotel is situated close to the Vancouver Convention Centre. The hotel is situated 10 minutes from Canada Place. Canada Place is where you can catch a cruise ship. The rooms of the hotel were very nice. The rooms of the hotel were spacious. The rooms of the hotel had stunning views of the surrounding area. The morning pastries were pretty good at the hotel. The buffet was pretty good at the hotel. There was a great pool to use for hours. It is great. There is a deal to help out with the somewhat pricey parking. If you're thinking of using a car here.",0.6666666666666666
ref,dev,24,"This hotel is greatly loved. The hotel is well kept. The hotel is comfortable. Everything you could need in terms of shops and restaurants are really close to this hotel. The hotel is superbly located. There are plenty of attractions. The attractions include a theatre and cathedral. The theatre and cathedral are just around the corner. The room was luxurious. The view from the room was really nice. The view overlooked the courtyard. The view was especially nice when it was sunny. Rooms can accommodate four people. The rooms are comfortable and really clean. The doorman was always at the entrance of the hotel to greet guests. The great staff were very welcoming. There was a buffet for breakfast. The food provided was great-tasting. There is a great outdoor dining area. The outdoor dining area was well-suited for eating lunch. Additionally, the outdoor dining area was well-suited for eating lunch. There were toiletries available at this hotel. The toiletries were really great. The price was really reasonable. The hotel is comfortable and elegant.",The hotel is excellent. The hotel is highly recommended in this area. It's very clean. It's a comfortable place to stay. The hotel is in a great location. It is only a ten minute walk from the metro station. It is near to the cathedral. It is near to the river. The cultural centre is nearby. You can get there by a short taxi ride. The rooms were large and luxurious. The rooms were perfectly able to house four guests as requested. The room was comfortable. The room was clean. Rooms on the first floor have access to a courtyard garden. The hotel has an outdoor dining area. The outdoor dining area is for lunch. The outdoor dining area is lovely. The meals are served at the restaurants. The meals are of good quality. The hotel had lovely toiletries available. There was free Wi-Fi available.,0.0425531914893617
ref,dev,25,"The hotel is great. The hotel provides a safe place to stay. It is a favorite. Guests like it. The hotel is close to the metro line. The hotel is close to Rembrandt Square. The hotel is away from the louder tourist areas. The room was quite small at this hotel. The room was quite modern and clean. Everything was wheelchair-accessible, which was fantastic. There was no shower curtain. The bathroom floor was somewhat wet. The staff were at the front desk. The staff were unhelpful to guests. The hotel provides a fantastic selection of food. The seafood bistro is where the food is served. The hotel has WiFi. The WiFi in the hotel lobby is slow. The carpet was dirty. The exterior of the hotel is noisy and overcrowded.","This is a recommendable and respectable hotel. It is great for a great time. It is suitable for those travelling alone. It is suitable for those travelling with a partner. It is suitable for those travelling with the family. The hotel is situated in a perfect location. The hotel is very accessible via the metro station. The metro station is only five minutes away. The location is great. There are plenty of entertainment options very close-by. The rooms in the hotel were modern. The rooms in the hotel were well-appointed. The room was easily accessible for wheelchair users. The bathroom was easily accessible for wheelchair users. Some of the staff was really rude. There is a seafood bistro at the hotel. The seafood bistro is great. The hotel's carpets are absolutely filthy. The surroundings do not help with this vibe. It was crowded and noisy. After it rains, the street is really disgusting.",0.8536585365853658
ref,dev,26,This is a hotel. The hotel is little. The hotel is great. It isn't a full-on resort. It was nice all the same. There are many things to do. The things to do are within walking distance. The hotel rooms are smaller. The hotel rooms are clean. The hotel rooms are furnished well with antiques for some charm. The breakfast was served at the hotel. The breakfast was adequate in quality. The coffee was great. There were some items missing. There was a run-down feel here. The carpeting did not help. The worn-down atmosphere was present. The elevators weren't that big. A surfboard could not even fit in it.,This hotel is currently undergoing renovations. The outside of the hotel is an eyesore. Air conditioners are outdated. Air conditioners are not well maintained. There are great sights nearby. These sights are worth visiting. Some of the rooms were small but nice. Others smelled a bit. An upgrade may be necessary to get a nicer experience. The nicer rooms were very clean. The nicer rooms were decorated beautifully. The breakfast in the atrium is superb. Sometimes there is not enough food for everyone. The rooms could do with some upgrading. Some of the carpet has been worn down. Items are sometimes missing from the rooms. The elevator is not big enough for a surfboard.,0.7222222222222222
ref,dev,27,The hotel is tranquil. The hotel is clean. The hotel is an enjoyable place to stay whilst in Rome. The hotel is close to a number of local restaurants. The hotel is close to the busier areas of Rome. The rooms in the hotel are adequate. The bathrooms are spacious. The staff leave a chocolate on the beds. They do this each night for their guests. The buffet breakfast was very good. The hotel's corridors were quite plain. The corridors could benefit from some decoration. The free Wi-Fi worked well. The Bulgari toiletries smelled lovely.,"The hotel is peaceful. The hotel is spotless. The hotel is comfortable enough. The hotel's location is unbeatable. The hotel's location is great if you like the hustle and bustle. You will be able to walk to main places in the city. The main places include great historical locations. The main places also include some nice restaurants. The rooms in this hotel are always really nice. The rooms in this hotel have good bathrooms as well. The sheets are always clean. There are delicious chocolates provided on the bed each night. There was the option to have pre-dinner wine. Watching the sunset was lovely. There was free WiFi provided. Gorgeous toiletries were provided. The toiletries made for lovely soaks in the bathtub. The decoration in the corridors needed a little bit of updating. Otherwise, facilities were great.",0.6363636363636364
ref,dev,28,This hotel provided a great stay. It is really recommended. The hotel is closely located. The location is close to Giotto's Campanile. The rooms in this hotel are really great. The rooms in this hotel are quite spacious. There was outside noise. The noise was from the bells in the morning. It was difficult to navigate the hotel. The difficulty was due to the floor layout.,The stay at the hotel was a brilliant experience. There were no faults. Staying in Florence was an impeccable choice. Florence was highly recommended. You can clearly hear the bells from the Duomo in the morning. This may be a negative for some. It is worth noting. Eating lunch on the rooftop terrace is a nice way to enjoy lunch. The rooftop terrace offers a gorgeous view of the city. There were multiple levels. The levels were on different levels. It could often make it difficult to get around the hotel.,0.5909090909090909
ref,dev,29,This is a great place for a short stay. It will likely make you want to come back again. The hotel is not central. The area is quite safe. The location is pretty good. The rooms are in the hotel. The rooms are modern. Some of the hotel's staff seemed disinterested. There was an incident at the hotel. The staff did not help with the incident. You can get a complimentary coffee from the barista. It is worth mentioning. There is a coffee machine supplied here. The coffee machine is fine. The parking is available at the hotel. The cost of parking is 12 dollars per night.,The hotel is an ideal place. It is ideal for a short trip. The hotel is located outside the centre of Rome. The rooms are mostly very clean. The rooms are quite decent with a modern feel to them. A downside was upon opening the window. There was a lot of black mould. Some of the staff members didn't respond well. An issue occurred. They showed no apathy. They showed no interest after the incident. That really let the staff down. The coffee here at the hotel is good. You can get free cappuccinos from the barista as well. The parking at the hotel can be expensive. It costs around 12 per night.,0.84375
ref,test,30,"The hotel is decent. It is a great choice if looking for a cheap, clean, and secure place to stay. The hotel is close to the Grand Bazaar. The hotel is close to the Blue Mosque. The hotel is close to the tram lines for transport around the city. The rooms are pretty comfortable. This room in particularly constantly had smoke blowing up from the lobby. The staff is at the hotel. The staff provided a good service. The hotel had breakfast included. The breakfast was included in the price of the stay. One thing to note with the hotel is that there is only a one way transfer. You will have to pay for either the pick up or the drop off to the airport.",The hotel is cheap. The hotel is clean. The hotel has good security. This hotel is situated in a really convenient location. The location is ideal for those who wish to see some of the grand sites this place has to offer. The grand sites can be the bazaar or religious sites. The rooms in the hotel are comfortable. Cigarette fumes often drifted into the surrounding rooms. The staff will provide a really great service at this hotel. The breakfast is included. The price is excellently valued. The one-way transfer provided is a slight inconvenience. It's not a big problem because it is actually quite cheap.,0.3076923076923077
ref,test,31,The facilities of this hotel are really great. It's one of the most enjoyable stays. The location of the hotel was rather disappointing. It is not a very scenic area of Hong Kong. The hotel's rooms are adequate. The hotel's rooms are perhaps a little darkly lit. The rooms are clean and quiet. It is worth booking a room on the Club floor for a more updated room. The staff find nothing to be too much trouble. The buffet breakfast is absolutely amazing. The buffet breakfast is really varied. The restaurant provides some really good food. The food is worth trying. The hotel has a bi-hourly bus shuttle service available. The bus shuttle service is available to guests. It is not worth getting a hotel with a pool. The climate is often not suitable for swimming.,The Metropark Kowloon is very cost effective. It is ideal for those who need to crash after a hard day's sightseeing and travelling. This hotel isn't in the best location. There were some bargains to be found at a nearby market. There are bus routes. That is a bonus. The hotel room was spotless. The hotel room was quiet and peaceful. All amenities were sufficient enough for all needs. The size was fine. The breakfast buffet was provided at the hotel. The breakfast buffet had a lot of variety. The food in the restaurant is good. The Sip Sip bar had a wide range of cocktails on offer. There was free internet connection provided here. The 30 minute minibus service was really great. The minibus service was also free.,0.6470588235294118
ref,test,32,"The hotel is unique. The hotel provides a unique and unforgettable experience. It is highly recommended for the convenience and friendliness here. The location is superb. It had absolutely in the center of everything you could need. The hotel rooms are decorated sophistically. The TV was very small. The service was exceptional. Every member of staff on front of house were super polite, courteous and so thoughtful. Brasserie Jo is a restaurant attached to the hotel. The food at Brasserie Jo is delicious. The atmosphere at Brasserie Jo is charming. The service at Brasserie Jo is the best. There is a gym in this hotel. The gym is good. It is on the fifth floor. It features some cardio machines.","The Colonnade Hotel is a great place to stay. The Colonnade Hotel is highly recommended. The atmosphere is comfortable. The atmosphere is unique. The hotel is situated centrally in Boston. It is situated for activities. It is in close proximity to a T connection. It is in close proximity to the Hynes Convention Centre. The rooms in this hotel are really comfortable. The rooms have nice features such as feather pillows and comforter. The television was on the small side. However, it was still a television. The hotel's staff are fantastic. The staff are fantastic from arrival to departure. They are helpful. They are a good face for the hotel. The front desk staff is of particular note. The concierge Jerry Good is of particular note. The doorman Norman Maines is of particular note. The restaurant is named Brasserie Jo. Brasserie Jo is excellent. The food at Brasserie Jo is delicious. The hotel has a gym. The gym is usable for guests.",0.2926829268292683
ref,test,33,"The hotel is highly recommended. You will want to come back to the hotel. The hotel is definitely five-star. The hotel is only a minute from the beach in one direction. The hotel is only a minute from the beach in the other direction. The hotel has a rooftop pool. The rooftop pool has a view of the sea. The hotel is located near to the Port Olympic. The hotel is located near to Barcelonetta. There is a fitness park. The fitness park is a two minute walk away. The hotel room had a good bathroom. The pillows and linen were a bit uncomfortable. The bed was a good size. There was a large TV. There was WiFi, etc. The room was spacious. The room was clean. The room had a sea view. The food was really good here. The breakfast was especially good. Sometimes the restaurant did not open for dinner. The chef would be flexible for a small party. This is great. The pools were a great addition to this hotel. The fitness centre was also a great addition to this hotel. There's a Jacuzzi on the rooftop. The Jacuzzi on the rooftop was really fun.","The hotel is definitely worth its five star rating. The hotel is expensive. The hotel is ideal for a city holiday. The hotel is ideal for a beach holiday. The hotel is ideal for a combined city and beach holiday. The hotel is set close to the beach. You will not need to walk too far. There are wonderful views from the top of the hotel. The views remind you of what a great location you are staying in. Additionally, the views are a great feature of the hotel. The bed in the room didn't have the softest linen. The pillows weren't great either. The bed itself was comfortable. Everything was in good condition. There is WiFi in the room. There is a nice big television. The hotel had a lovely bar/restaurant overlooking Barcelona. It can be expensive, so be warned. The restaurant is not available every day. They can be flexible in providing catering on request. The hotel has facilities. The facilities are great. There are two pools within the hotel. There is a rooftop Jacuzzi within the hotel. There is a fitness centre within the hotel.",0.6792452830188679
ref,test,34,The hotel was great. The hotel comes highly recommended. The hotel is close to transport networks. The rooms were modern. The rooms were really clean. What really stood out was the thermostat. The thermostat controls the heat and coolness of the room. The hotel provided a complimentary breakfast. The breakfast was substandard. The hotel has a thermostat control.,You could stay here for pleasure. You could stay here for other reasons. It's such a great hotel. The public transportation is close. The hotel has modern rooms. The rooms have a thermostat control for the room's temperature. The breakfast was free. It felt a lot more like a soup kitchen. There were massive lines. There was nowhere to even sit. There was a thermostat. The thermostat was useful for controlling how hot or cool you would like it to be.,0.5454545454545454
ref,test,35,It's a good hotel. I would definitely recommend it. I would return for another stay. The hotel is located in the old quarter of Istanbul. The location of the hotel is perfect. The hotel is within minutes of the Blue Mosque. The hotel is within minutes of the Grand Bazaar. There are many other traditional and historic places in Sultanahmet. The rooms here are cosy. The rooms here are on the small side. The rooms here are always very clean. The rooms here are comfortable enough. The staff were knowledgeable. Their knowledge was about the local area. The breakfast was fit for a king. It is definitely recommended. There was nothing not to like. Breakfast was on an open terrace. The hotel provides complimentary internet access. The complimentary internet access is in the reception.,"The hotel was a wonderful boutique style. There were some pleasant surprises provided such as wines, fresh fruits. Transport was provided to the hotel. Highly recommended. Everything is within walking distance from the hotel. The public transportation is within walking distance from the hotel. You can take the public transportation to get to the main street. The rooms in the hotel were a little small. The rooms in the hotel were clean and comfortable. There is no WiFi available in the room. There is not a lot of room for storage. The staff are helpful. The staff are always willing to help out. The staff have polite manners. The hotel provides a great breakfast. Breakfast and dinner can be enjoyed at the rooftop dining area. There was an unexpected bonus to this hotel. The reception area provides guests with free internet access.",0.42105263157894735
ref,test,36,The price of staying at this hotel was reasonable. The hotel is located in the city centre. The hotel is located right next to a canal. The rooms of the hotel can be small. The beds in the rooms can be little. The rooms are good value. The rooms are clean and well furnished. The continental breakfast was a bit limited. The breakfast tasted great. The breakfast was provided by the hotel for free. The hotel provided free internet access. Be warned of the steep stairs. If you have heavy luggage. The hotel is gay friendly. There are homosexual pornographic materials left out in public areas.,"This hotel is reasonably priced. This hotel has great style to it. It will provide a stay. The stay will be perfect. The hotel is centrally located. The hotel is close to everything. The price makes this hotel great. The rooms are very nice and clean. Be sure to book a large room. You will end up with small beds if you don't. The hotel provided a complimentary Continental breakfast. Hot drinks were available at all times. Food is served. It is served in a reserved dining room. Hotels here are not cheap. Hotels here are very often quite small. In this hotel, there are quite steep stairs. Large suitcases are quite hard work on these stairs.",0.5454545454545454
ref,test,37,The hotel is situated about five minutes away from the airport. The hotel offers a free shuttle service to the downtown area. The shuttle service departs at twenty minutes past the hour. The suite has two bedrooms. The suite is stunning and really impressive. There were lots of nice features such as granite worktops. There were lots of nice features such as marble flooring. There were lots of nice features such as stainless steel appliances for guest use. The bathroom featured Jacuzzi tubs. The bathroom featured a really big walk-in shower. The breakfast passes only included the fruit. The breakfast passes only included the bread. The parking facility at the hotel cost $18 which is expensive. The water at the hotel was discoloured and riddled with seaweed.,"The hotel is located in Key West. There are lots of water activities to take part in. There is a small sandy beach nearby. This hotel is not in the heart of all the action. The hotel provides a free shuttle service downtown. The hotel had rooms. The rooms of the hotel were really good. They had a view of the water. The view was across two balconies. The rooms had a large living area. The rooms had a dining area. The rooms had a kitchen facility. The kitchen has granite counters. The kitchen has stainless steel appliances. All the appliances are high end. The bathroom was fantastic. There were jetted hot tubs. There was a walk-in shower. The staff were good at this hotel. The staff were very accommodating to you. The breakfast was pretty limited. As a Rewards member who receives a breakfast pass, the hotel only supplied fruit and bread areas. The hotel did not even include the typical powdered eggs. The parking is $18 at this hotel. The water looks dirty and is full of seaweed.",0.6410256410256411
ref,test,38,This hotel is lovely and charming. The hotel can be busy during September time. This hotel is nicely located in a quiet neighborhood. It is also close to the best things to do in Venice. The rooms were clean. The rooms seemed more like a dorm than a hotel room. You need to spend an extra 20 euro. The extra 20 euro is for an upgrade. The owners are very friendly. The breakfast is basic here. The breakfast area is quite small and it gets filled up fast. There are lots of places near by. The staff will even make a reservation for you. The local boat trip to Murano is worth it. The advice would be to go on the normal boat.,"The hotel is generally good. The hotel may be a little difficult to find. The hotel is nicely located off the beaten path. The hotel is hidden away in a quiet neighborhood. It is great once you get your bearings in Venice. It is close to everything. The trip to Murano is not good. The trip to Murano is free. The room was clean. The price for Venice was good. The initial room was more of a dorm room than a hotel room. The initial room was away from the main hotel. They were eventually able to get a lovely room. The lovely room cost an additional amount. The owners of this hotel were friendly. The hotel offers a basic breakfast. The room is too small. The room fills quickly. There are places to eat nearby. You can book a place in the restaurant. One boat tried was the size of a box. If going to Murano, go on the normal boat.",0.5135135135135135
ref,test,39,"The hotel is a tranquil escape. The Old Town is bustling. It is decorated in a modest fashion. It is decorated in an antiquated fashion. You can ask at this hotel. You can get an amazing room. The room has a sea-view. The bathroom seems updated. The bathroom features a really great pressure shower. The continental-style breakfast was really good. The breakfast was served on the rooftop terrace. There are great views at this hotel. I found that their slippers are really comfortable. Their slippers don't feel cheap. Additionally, I found this information.",This hotel provides a lovely stay. This hotel provides a thoroughly enjoyable stay. The rooms in the hotel are comfortable. Some rooms can have a sea view. The bathroom was modern. There was a great pressure shower. The breakfast is served on the roof. The breakfast is a continental one. The breakfast is delicious. Drinks are a good price. Drinks are served until 11pm on the roof terrace. The slippers are provided by the hotel. The slippers are long-lasting. The slippers are very comfortable.,0.2413793103448276
ref,test,40,The hotel is good value for money. The location is central. The location is close to the City Hall. There is a Burger King nearby. There is a 7 Eleven convenience store nearby. The rooms in the hotel were clean. The decor was a little outdated. The rooms were too cold. The buffet breakfasts in this hotel are absolutely superb. The buffet dinners in this hotel are absolutely superb. There is even an a la carte lunch option. There is a great bar on the ground floor. The bar serves really good tasty food. The internet provided at the hotel was of poor quality. The internet was unreliable. You had to put a down-payment just to connect. There is a pool at the hotel. The pool is really clean. The pool is of good quality.,The hotel has good but not great amenities. It is okay value for money. It provides a clean stay. It provides a roomy stay. It provides a comfortable stay. This hotel is located in a great spot. There was good access to all you could need. The rooms are cold. The non-smoking room smelled of smoke. The hotel has a good selection of food available. There is a breakfast buffet. There is an a la carte lunch menu. There is a buffet dinner. There is a lot to choose from. The prices are reasonable. Some hotel packages include meals. The meals are in the Brasserie. The hotel is situated quite high up. It can be exhausting. There is a pool in the hotel. The pool is very clean. There is a $10 charge. The charge is for use of the internet.,0.7857142857142857
ref,test,41,"The hotel's furnishings are a bit outdated. The hotel's furnishings need updating. The hotel was very clean. This hotel has a great central location. It is very close to many attractions. The attractions include MRT, Clarke Quay, and the National Museum. The bed was comfortable. The full size bath was a nice bonus. The isolation is bad. The elevator can be heard very clearly. Neighbor speaking can be heard very clearly. The lack of style is a downside. There is no wifi in the room, which is also a downside. Disappointing breakfast. The choices are very limited. There is no fresh fruit available. This hotel has a pool. The pool is very small.",The hotel is clean. The hotel is perhaps in need of a restoration. The furnishings are a bit old fashioned. The general decor is a bit old fashioned. The hotel has a great centralized location. The hotel is conveniently close to MRT. The hotel is conveniently close to Clarke Quay. The hotel is conveniently close to the National Museum. The room was next to a noisy area near the elevator. The bed was comfortable. The bathroom was so small only one person could fit in it at a time. The bathroom did offer a full-sized bath for relaxing in. Some rooms have not yet been renovated and are run down. There was no wifi in the room. Ms Kripa works at the club floor. Ms Kripa deserves particular mention. The hotel's breakfast choices were limiting and disappointing. They had no other fresh fruit on offer. Bananas and apples were the only fruits available. The hotel has a pool. The pool is very small.,0.8717948717948718
ref,test,42,"This hotel may not be the right option. Some people may not find this hotel suitable. The hotel is only a five minute walk from the Town Hall rail station. You can walk to shopping and tourist attractions from the hotel. The hotel is close to Darling Harbour. The corner-room was of an okay size. The corner-room was really cleaned to a high level. Check-in to your room can be earlier. You need to ask for it. The staff were quite nice overall. Sometimes, the staff seemed to be put off. Sometimes, the staff seemed to be lacking. The breakfast provided by the hotel was Continental. There were problems with not being on the necessary list. The hotel's restaurant was good. The hotel's restaurant was slightly expensive. The hotel was very helpful with pre-booking information. Check out of the stay was drawn out and frustrating.",Everything you could need is only a short walk away from this hotel. The hotel is located in a great spot. There is a rail station nearby. Choosing to go further afield is an option. The rooms are quite large. They are spotless. They are quiet. They are really comfortable. The staff of the hotel were generally helpful and courteous. The reception was sometimes less professional when dealing with issues. The restaurant provides really good meals. The prices are a bit high. You can ask about checking in early. This hotel's checking out seemed to be quite long.,0.75
ref,test,43,"This is a perfect hotel for a short stay. This hotel is highly recommended because of the great value for money. The hotel is in a great location. The location is ideal for visiting the Musee d'Orsay or Saint Germain area. Firstly, the rooms are designed to be really unique and it shows. The unique design of the rooms does not compromise the mod-cons supplied. The mod-cons supplied include an iPod dock, minibar, and a flat-screen television. There is nothing you could need. Everything is available. The room is very luxurious inside. The room is very relaxing and charming. The staff at this hotel are really caring. The staff at this hotel have a great attitude. The breakfast provided by the hotel was suitable. The breakfast was stocked with fresh, organic produce. There was plenty of food available. The ticket provided by the hotel allows for skipping the line. The skipping the line is only available at designated venues.","The hotel is great value. The hotel is ideal for a short stay. The hotel is very close to the Musee d'Orsay. The hotel is within walking distance of the Saint Germain part of Paris. The design of the hotel rooms was stylish. The design of the hotel rooms was colourful. The room was relaxing. The room included all the extras such as flat screen television, iPod docking station, safe, etc. The room is clean. The room is elegant. The staff at the hotel had a compassionate attitude. The compassionate attitude was towards guests. The breakfast had generous offerings. The offerings included organic products. The hotel provides a ticket to skip the queue. This is a great bonus.",0.4411764705882353
ref,test,44,"Booking directly with the hotel was impressive. It made for a very special weekend. This place is the place to be. The hotel was situated close to a metro station. The metro station allowed travel to the restaurants of Old Montreal. The hotel was within walking distance of the Montreal Jazz Festival. The rooms are adequately sized. The rooms are clean. The rooms have elegant furnishings. The rooms were previously a bank. The rooms retain some history from its previous incarnation as a bank. The rooms have free WiFi available. The rooms have lovely modern art. The hotel has a good bar. The bar is ideal for relaxing. Live music is played in the bar. The hotel had no street noise at all. On Friday and Saturday evenings, there was a music group playing at the bar area.","The hotel is decorated with lots of desirable artwork. There is a lobby. The lobby is home to live bossa nova music. There is a good bar for guests. This hotel is ideally situated to explore the Old Town on foot. The metro stop is easily accessible by walking a few blocks. The metro can take you to some great shopping locations. The metro can take you to some great restaurants. The tall ceilings in the rooms provide a larger feel. The room is otherwise average-sized. The furnishings are elegant and stylish. They provide quite a charming feel to the room. However, the sentence implies a contrast between the furnishings and something else that may not be as charming. This hotel is a great place to drink some wine. This hotel is a great place to appreciate the great music they play here. The atmosphere at the hotel was very good. There was no street noise. There was a bossa nova group. The group played at the hotel on weekend evenings.",0.35135135135135137
ref,test,45,The hotel was a bargain. The hotel comes highly recommended. The hotel is located centrally to the main strip. Generally everything is within walking distance. It is a minute's walk to the beach. Nearby 4th street has a selection of local restaurants. The rooms were clean. The rooms were well maintained. They were reasonably priced. The deluxe options have a balcony overlooking 5th Avenue. The staff are incredibly knowledgeable about the local area. They will happily spend some time advising on the best places to see. They were gracious enough to book taxis to the airport. Booking taxis to the airport is a great touch. The hotel is near to Rancho Punto Venado. Rancho Punto Venado provides facilities for many outdoor activities such as horseback riding and ATV driving.,"This hotel is highly recommended because it's a bargain. It's beautiful, bright, and comfortable. Above all else, it's clean. This hotel is in a great location. The beach is only one minute's walk away. There are great locals' restaurants 100 yards from the beach. The larger deluxe rooms have a nice partial view of the ocean because of the balcony. The room was really clean and well-kept. The hotel staff were helpful. They booked local restaurants. They booked transport to the airport. They made the stay more pleasurable. Breakfasts were served here. The breakfasts served here were really nice. There are great activities close to this hotel to participate in. These activities really add to a trip.",0.375
ref,test,46,The hotel was a unique experience. The hotel had traditional features. The hotel had modern features. A stay at the hotel is recommended highly. The hotel is situated in an excellent location on the Grand Canal. It is only a couple of stops to San Marco Square. It is near to the Salute Church. It is close to a number of art galleries. It is close to the Vaporetto. The hotel has rooms overlooking the canal. The rooms are nice and clean. The hotel has a simple menu. The menu can be served wherever you like. The minibar is always stocked for guests. The hotel was a bit overpriced. The hotel lived up to that expectation. It was worth it.,This is a great stylish contemporary hotel. The hotel pays attention to every detail. The hotel cannot be recommended enough. This boutique hotel is perfectly located. It is on the edge of one of the greatest areas. It is away from tourist hordes. It is quiet. The location is calm. It isn't too far away from good sight-seeing spots. There is no problem getting around the city. The rooms are well-maintained and clean. There is quite a walk up to the room if staying on the top floor.  The breakfast is of the highest quality. There is the option to eat in either the breakfast room or the roof terrace. The stay was at a hotel. The stay was a little expensive.,0.5151515151515151
ref,test,47,It was a comfortable experience at this hotel. There was classical music that came from a nearby opera school. The location is excellent. It is on a quiet street. It allows easy reach for principal city sights. The metro and city tour bus stop are really close. The room is clean and large. The bathroom has been renovated and is great. The staff are a wealth of knowledge about the nearby restaurants. The staff are a wealth of knowledge about side trips. Their knowledge was super helpful. The breakfast has lots of choice. The quality of the continental foods on offer was great. The quality of the drinks on offer was great. They provide take away breakfast. There is no wireless internet in the rooms. Wireless internet is only available in the lobby.,"The Oceania is a 2 - 3 star hotel. It lacks in grandeur. It makes up for it with its staff. There is enjoyable music in the air from the nearby opera school. The hotel is comfortable. The hotel is clean. The hotel's location is excellent. It lies just off of the Piazza della Repubblica on a quiet street. It is close to buses and trains. It allows reaching the city and sights easily. The hotel had an old double room. The old double room was spotlessly clean. The renovated bathroom was great. Breakfast was an ample continental breakfast. The breakfast included bread, pastries, juices, and coffee. It was lovely. You can get it to take away. You can get it to take away if you need to leave early. The Internet was available. The Internet was only available in the lobby.",0.6486486486486487
