summ_type,split,example_id,summ_a,summ_b,summ_comm,nli_contrast_agg_score
ref,train,0,"This all suite hotel is flawless. Around the holidays season, the hotel was well decorated for X-mas with lovely Palm trees and Christmas lights. This hotel is so close to the beach and is perfectly located for peace and quiet. The airport and Duval street is only a short shuttle away, but downtown is quite far away. Morden rooms with great size and a lot of storage space. The beds are super comfortable. The bathroom is also pretty large with a nice vanity area. The staff were even willing to help with last minute late checkout request. The restaurant provides great food, but it closes too early for us. The hotel actually has bikes to rent. Parking close-by can be very pricey per day. The elevators feel not safe.","

This all suite hotel is impeccable, especially during the holiday season, when it is decorated with festive Christmas lights and palm trees. Its location is ideal for making the most of the peace and quiet, close to the beach and just a short shuttle ride away from the airport and Duval street -- though downtown is quite a trek. The rooms are modern with ample storage space and the beds are incredibly comfortable. The bathrooms are rather roomy too with a nice vanity area and the staff is accommodating, even to last minute requests for late check-out. The restaurant offers delicious food, though it closes quite early. The hotel even provides bikes for hire! However, nearby parking can be quite expensive for daily use. The elevators can feel a bit unsafe.","

This hotel is completely spotless, especially during the Christmas season when it is brightened up with decorations like lights and palm trees. Its remote location is perfect for those looking for peace, being close to the beach and only a few minutes away from the airport and Duval street. The rooms are up-to-date with enough storage room, as well as super comfy beds. The bathrooms are huge, along with a nice vanity space, and the staff is always receptive to last minute requests. The restaurant has delicious food, even though it closes quite early. Furthermore, the hotel even provides people with bikes to hire. However, daily parking in the area can be quite expensive. The elevators can make you feel a bit worried.",0.6719459335586526
ref,train,1,"The hotel has an enjoyable ambience and is great value for money. This location is great if you're looking to access the great fun and action close-by, but with that comes hustle-and-bustle noise from the street the hotel is located on. The rustic rooms here are a little small but really comfortable and clean while the beds are big. There was a thatched roof to the room that provided an airy feel but of course not soundproof. The hotel provides great breakfast to be eaten above the garden or to take away. The hotel does not provide private parking unfortunately.","

The hotel is a great choice due to its pleasant atmosphere and cost-effectiveness. If you're looking for activities in the nearby vicinity, this is the spot for you. However, due to its street location, there may be some street noise to consider. The rustic rooms may be a bit constrained but comfortable and tidy. The beds are substantial. The room had a thatched roof, making it airy, but don't anticipate any soundproofing. A nice breakfast is provided to be enjoyed in the garden or to be taken out of the premises. Unfortunately, the hotel doesn't offer private vehicle parking.","

This hotel brings you a pleasant ambiance along with a low cost. It has a great location that makes it easy to find nearby activities. Though, it's not without its share of street noise. Its rustic rooms aren't huge, but they're cozy, neat and have big beds. The rooms have thatched roofs making them naturally airy, but sound won't stay inside. To start your day, they give you a lovely breakfast to be eaten in the garden or packed to go. Sadly, you can't park privately on the property.",0.5721853879980195
ref,train,2,"This is a really great place to stay and it's really quiet. The station is really close to the hotel and it is located in an old monastery set in beautiful gardens. The rooms in the hotel are spacious, clean and with air conditioning. The food at the hotel is reasonably priced. The hotel lobby provides free wireless internet and you can also borrow one of their laptops if needed.","

Staying here is a great experience; it's so tranquil. The train station is conveniently located nearby, with the hotel nestled in a grand monastery surrounded by stunning gardens. Room sizes are generous, kept tidy and have good air-conditioning. Prices for the meals at the hotel are affordable. Plus, the lobby has free wireless connection and computers for borrow.","

Living in this place is a remarkable experience, with the soothing atmosphere. The hotel is located close to the train station, situated inside an impressive monastery with gorgeous gardens near it. The rooms are all spacious, neat, and climate-controlled. Additionally, the meals served at the hotel are reasonably-priced. Furthermore, the lobby has readily-available Wi-Fi and computers which can be",0.49481781455245405
ref,train,3,"If you're looking for a decent clean hotel then this is the right one for you because it provides a pleasant and unforgettable experience. This is a nice location because you can even see the Colosseum from the hotel, which itself is less than a ten minute walk away. The rooms in the hotel are nicely decorated, although some may find the bed small. The day staff spoke English. The hotel has a continental buffet breakfast with good cappuccino available on the roof terrace. The breakfast is very tasty. The showers in the hotel bathrooms are a little small.","

If you're in search of a satisfactory and decent hotel, this is the place for you. It offers an enjoyable and lasting experience. This property has a great location, as the Colosseum can be seen from the building and it is a short walk away. The accommodations are impeccably decorated, but the beds may be deemed small by some. The customer service personnel speaks the English language. There is an extensive continental breakfast available on the rooftop terrace, featuring great cappuccino and flavorsome dishes. The bathrooms have somewhat tiny showers.","

If you're looking for a satisfactory and suitable hotel, this is the one. They offer a pleasant and lasting stay. The location of the property is ideal, with the Colosseum being in sight of the building and a short walk away. The guestrooms are elegantly decorated, though some may view the beds as too small. The hotel staff are able to converse in the English language. They have a fabulous continental breakfast on the rooftop terrace, which includes delicious cappuccino and scrumptious dishes. Unfortunately, the bathrooms have mini showers.",0.5122085181917845
ref,train,4,"This is a great condo that was comfortable, convenient, and much nicer than staying in a hotel. It would be a shame not to come back again. The location of the hotel is perfectly situated on the lake and there is the option to rent boats down at Indian Point if needed. Fantastic views. As well as being really helpful the staff at this hotel were super friendly and nice. The units facing the lake had large covered patios to enjoy your coffee on. There is only one complaint and that is the people in the room above were up all night long, but that is the only downside to this hotel.","

This condo was an incredible experience - comfortable, convenient, and much more pleasant than a hotel. It would be regrettable not to come back again, especially due to how perfectly the hotel rests beside the lake, with the possibility of renting boats from Indian Point. The sights were remarkable, and to top it off the staff at the hotel were beyond friendly. The units overlooking the lake had big patios suitable for enjoying a cup of coffee. The only negative was the people staying in the room on the upper floor who were loudly up all night, but that was the sole downside to this fabulous condo.","

It was such a delight to stay in this condo, with it being much more preferable than that of a hotel. Experiencing the tranquility of the lake, alongside the ability to hire boats from Indian Point, made it all the more worthwhile. The views were remarkable, and there was nothing the hotel staff could do more to make everyone more comfortable. Even the balconies set overlooking the lake are perfect for a relaxing cup of coffee. The only downside, unfortunately, was the people in the upper floor who kept everyone up all night with their noise levels, however, this did not combat the wonderful time at this condo.",0.6103588861473197
ref,train,5,"The room featured WiFi and Apple TV, which was a great touch. Additionally the shower was excellent. The only negatives really are the pillows were pretty full and there was no refrigerator in the room. The staff at the hotel were polite and accommodating. The sales manager that was contacted was efficient in response and helpful with suggestions. There are great food options around the hotel but the breakfast in the connected restaurant was really great. The second floor of the hotel was recently refurbished and quiet.","

The room was equipped with WiFi and Apple TV, which was great. The shower was satisfying, although the pillows were quite stiff and there was no refrigerator. The staff at the hotel were friendly and accommodating, and the sales manager contacted was very effective at responding and providing helpful advice. There were great restaurants close by the hotel, but the breakfast at the one attached was particularly great. The second story of the hotel had recently been refurbished and was very quiet.","

The accommodation had WiFi and Apple TV available, which was great, and overall the shower was satisfactory. Despite this, the pillows were quite firm and unfortunately there was no refrigerator. The staff at the hotel were friendly and willing to help, and the sales manager contacted was highly responsive, providing useful assistance. There were restaurants around the area, though the attached one had a particularly delicious breakfast. The second floor of the hotel had recently been refurbished and was particularly tranquil.",0.5509925796889089
ref,train,6,Overall the hotel is a really unique place to stay. The location is pretty good but doesn't have great access to a subway line. There's mainstream shopping and the theatre quarters close-by though which adds to how good the location is. The shower in the room was very modern. Most of the staff were friendly to guests. This hotel has a small restaurant that provides superb food that very proudly uses local and organic produce. The hotel has an archaic elevator which is a novelty.,"

This hotel has a one-of-a-kind feel to it and is situated in a convenient area, despite not having a subway near by. Shopping centers and theaters are just a few blocks away, enhancing its location. The bathroom features cutting-edge features, and most of the staff were hospitable. The in-house eatery offers outstanding food made with locally sourced, organic ingredients. Added to that, the old-fashioned elevator provides an interesting experience.","

This hotel provides a distinctive atmosphere and an advantageous spot, even without a subway station in the vicinity. It is a few blocks from department stores and cinemas, making it even more eye-catching. The modernized bathroom amenities are appealing, and the majority of the staff members were warmly welcoming. To boot, the restaurant in the hotel serves exquisite meals composed of local and organic components. Additionally, the classic lift provides a unique adventure.",0.6293333129432301
ref,train,7,"Some would recommend the hotel to others, although some may not. The hotel is ideally situated for transportation routes like the St. Charles line but also in walking distance of the Garden District and a bit further to the French Quarter. The hotel has spacious rooms equipped with a kitchen. The rooms are very clean but the bathrooms are rather small. The shower was excellent. The staff at the hotel were incredibly helpful , particularly the welcoming porters. There is lots of great tasting food available to eat around this hotel. The hotel provides wristbands for entry into the premises which is a pleasing security feature.","

Many people are divided on their opinion of the hotel, yet it remains in a convenient position for buses on the St. Charles line, as well as being close to the Garden District and a bit farther from the French Quarter. The rooms are roomy, with a kitchen included and kept nicely clean, with the exception of somewhat small bathrooms. The showers, however, were fantastic. The staff was extremely helpful and friendly, especially the front desk porters. The eateries close by were tasty and the hotel's use of wristbands for entry is a nice security feature.","

People have different feelings about this hotel, but it is located near buses on St. Charles Avenue and also close to the Garden District but not too far from the French Quarter. The rooms are spacious and include a kitchen, which was pretty neat and clean, save for the bathrooms which were a bit tiny. On the other hand, the showers were great. The people working there were both welcoming and helpful, particularly the front desk workers. The eateries nearby were all delicious and the hotel's use of a wristband for entry was a nice security touch.",0.6251352134775012
ref,train,8,"This hotel makes for a really pleasant and delightful stay. You wouldn't want to stay anywhere else if returning to Venice. The hotel is perfectly situated to get to great restaurants and it's close to water-ferry stations. The room in the hotel had a spacious, newly decorated bathroom and a quiet room in general. The rooms are decorated with a respect for history. The breakfast was a little bit basic but it was still a good start to the day with continental-style yoghurts, cereals etc. The hotel is great value for money.","

This hotel provides a delightful and delightful stay. If you come back to Venice, you would not want to stay in any other place. It is ideally located to access some wonderful restaurants and it's in close proximity to water transportation stops. The accommodation in the hotel presented a nicely decorated bathroom, and an ambient room. The decorations respected the historical heritage. The morning meal wasn't extravagant yet it still allowed a nice start to the day with continental yogurt, cereal, and more. The hotel provides guests with amazing value for the cost they pay.","

Visiting this hotel guarantees a satisfactory and memorable experience. Whenever you come to Venice, you shouldn't consider sleeping anywhere else! It is conveniently located near a variety of excellent restaurants, and it's close to public transport stops. The guestrooms are wonderfully decorated and the atmosphere is cozy. All the decorations also honor the city's history. Although the breakfast wasn't extravagant, you can enjoy delicious continental favorites like yogurt, cereal, and more. You'll get unbeatable value for your money when you stay in this hotel!",0.5360270172837229
ref,train,9,"This is a decent place to stay and will leave you feeling happy overall. Initially there was a bit of a rough start here at the hotel but still a nice hotel. There is some peace and quiet here at this hotel but it is still quite close to the action with restaurants and shopping nearby. The room was clean with adequate disabled access , but it may take a while to get access to the room. The staff here are okay and mostly very helpful. They do enforce valet parking however which is a little offputting. Dinner at this hotel was really good and pleasing. There are also other food options nearby such as a restaurant that serves Italian food. There was a small outdoor patio which unfortunately overlooked the pool and other patios and that made it quite noisy. There are valet and parking services available too.","

This place is quite pleasant and sure to leave you satisfied overall. At first it was a bit rocky, but it is still a nice hotel. You do get some peace and quiet here but there are also some activities such as eateries and retailers close by. The accommodation was neat with adequate disabled access, although it could take a bit a while to get in. The staff are all right, usually being very helpful. Though they do use valet parking, which can be a bit annoying. The restaurant at the hotel had a good taste and there are also other restaurants, such as an Italian cuisine spot, in the neighborhood. There was a small patio outside, however it was quite noisy as it overlooked the pool and other patios. Valet and parking facilities can be utilized.","

This hotel is quite welcoming and guaranteed to make your stay satisfactory overall. It started out a little shaky, but it is still a great place. You can have some alone time here, but there are also nearby eateries and retailers. The room was kept clean and well-equipped for disabled access, although getting in could take a little bit of time. The staff are alright, generally being very obliging. However, valet parking can be quite tedious. The restaurant inside the hotel had excellent food, and there are other places to eat, including an Italian eatery, in the surrounding area. There was an outdoor seating area, but it was a bit noisy as it faced the pool and other outdoor areas. Valet and parking are both available.",0.6724494568622248
ref,train,10,"The hotel is nicely located in a quiet canal street with being only walkable distance to many interesting places like Dam Square and Anne Franks House. While the room is quite small, the view of the canal was wonderful. You should try to request a large rom, although the small room did have a big enough bathroom. The staff at the reception and breakfast area were rude and not very helpful. Although with a reasonable price, the breakfast has very limited quantity and the food tasted funny. The shower was scallding dangerously.","

The hotel is situated in a peaceful canal street, conveniently close enough by to walk to lots of historic sights like the Dam Square and Anne Franks House. The room itself was rather tiny but it afforded you a fantastic view of the canal. It would be best to book a bigger room, though the small room had a surprisingly large bathroom. The personnel at the reception desk and breakfast room were not at all friendly and their service was quite appalling. Despite its low cost, the breakfast selection was sparse and the food not up to very much.","

This hotel is located adjacent to some of the city's most iconic spots, like the Dam Square and Anne Franks House and is set along a tranquil canal. Unfortunately, the room itself was diminutive, however, it featured a captivating view of the canal. We suggest reserving a bigger room as the one we stayed in had a surprisingly large bathroom. Furthermore, the reception and breakfast personnel were far from friendly and their hospitality was dreadful. Additionally, considering the cost, the breakfast options were poor quality and limited.",0.5395688822878159
ref,train,11,"Really recommended to anyone. This well-maintained hotel has good facilities, upscale but cozy vibe, and lovely courtyard and pool. This hotel sits in a perfect location and in walking distance to all the key landmarks. The rooms are clean and the bed is super comfortable. The only issue was the shower in the bathroom, which would spray outside the stall. The service was outstanding in general; the staff here at this hotel are both helpful as well as professional. But there were some small teething problems , for example the housekeeping staff don't work after midnight. The hotel offered really chocolates and gingersnaps in the lobby and free breakfast. Lovely pool area. The valet parking should be provided.","

Highly recommended to anyone. This well-kept hotel feature great amenities, comfortable but luxurious vibes, and a wonderful courtyard and pool. It is in just the right location and a short walk to all the main attractions. The rooms are spotless and the mattress is incredibly comfortable. The only issue was the shower, which had some leakage outside the cubicle. The service was generally excellent; the staff here are both accommodating and professional. There were a few minor hiccups, such as the cleaning staff not functioning after 12am. Additionally, the hotel had wonderful chocolates and germsnaps in the lobby and free breakfast. The pool area was great. Valet parking should be an available service.","

It is strongly recommended to check out this well-kept hotel that provides magnificent amenities, a relaxed yet upscale atmosphere, and a stunning courtyard and pool. Being in a prime spot and only short jaunt away from all the major sites, it is a worthwhile stay. The rooms are pristine and the bedding is extremely cozy. The only issue we noticed was a slight leak from the shower. The service was top-notch and the personnel were both accommodating and professional. There were minimal glitches like the cleaning crew not being accessible after midnight. In addition, the lobby had complimentary chocolate and german cookies and a continental breakfast. The pool area was amazing. It would be helpful to have a valet parking service.",0.5832508850685613
ref,train,12,"It is a charming European hotel. The hotel is situated on the River Arno and is a quiet locale. The hotel rooms were well decorated and with fully functioning air conditioning. It was definitely a room with a view. The staff here at this hotel are really great and the manager was also really knowledgeable for local outings. They all work hard to please and meet your needs. You can access the internet via a computer in the hotel lobby and this is a free option. There is also a great hotel balcony, which was lovely to sit on and watch the world go by.","

This European hotel has a great location directly on the River Arno, providing guests with a tranquil and pleasant atmosphere. The hotel rooms were lavishly outfitted, including a functioning air conditioning unit, and offered a fantastic view. The employees of the hotel were incredibly helpful and the supervisor was familiar with interesting sights and activities nearby. Additionally, visitors can use the computer in the hotel lobby free of charge to access the internet. On top of that, there is a lovely balcony which is the perfect spot for guests to relax and observe their surroundings.","

This European hotel has a prime location situated along the River Arno, providing a relaxed and pleasant ambiance to anyone that stays there. The hotel rooms were luxuriously decorated, featuring air conditioning, and offered wonderful sights. The staff were extremely beneficial and the manager was knowledgeable on exciting places and adventures nearby. In addition, visitors can take advantage of the computer in the lobby with no fees in order to get online. Furthermore, there is a beautiful terrace which is a wonderful place for travelers to unwind and take in their environment.",0.6395207157625277
ref,train,13,"The hotel is ideal for a boisterous and young crowd, such as a girl's trip. The hotel is close to bus routes into the city and is a good change of place to stay from the downtown alternatives. The hotel is located in the centre of Lincoln Park with restaurants and a good night life. The hotel itself is located on Clark Street which is a shoppers' delight. The hotel has double beds in the single rooms which is great for one or two people. The rooms are very clean although the drain in the shower needs some attention.The hotel provided a good breakfast to guests. The hotel has good security, as your key card is needed to gain access to elevators or stairwells. There is free WiFi provided too. There was some street noise but not loud enough to cause concern. It is worth mentioning that it is difficult to park for the valet out front of the hotel.","

This hotel is a great option for the younger and more spirited crowd, such as a girl's trip. It is conveniently located near bus stops into the city centre and offers views and proximity to a number of restaurants and activities in Lincoln Park. Clark Street, which is within walking distance of the hotel, is also a consumer's paradise. The single bedrooms come with two beds, making them suitable for one or two people, and the cleanliness of the rooms, apart from some drain problems in the showers, was top notch. There are also two important amenities for guests at this hotel- a hearty breakfast, and reliable security which requires the use of a key card to enter into certain elevators and stairwells. Plus, the WiFi is free! The only thing worth noting is the limited parking availability, as well as some street noise, but it's minor enough to be barely noticeable.","

This lodging is a great choice for vibrant groups of people, such as a girls' trip. It is close to bus stops into the downtown and has views and is close to numerous dining places and attractions in Lincoln Park. Clark Street is not far away either, which is a shopper's paradise. The single rooms provide both beds, so they can be used by one person or two and the toilet was very clean besides some trouble with the drain in the shower. There are two exemplary amenities for visitors of the hotel - an ample breakfast and well-rounded security that requires an access card for certain lifts and stairs. Furthermore, the Wi-Fi is complimentary. The only thing to mention is that there is minimal parking space and some street noise but they are minute and pretty much unnoticeable.",0.6827755234191816
ref,train,14,The hotel is beautiful but expensive. There are normally a lot of guests at the hotel as it is popular. The rooms in the hotel are comfortable and come equipped with a DVD player. The service was truly exceptional from the staff who were all always pleasant. The hotel did not provide much selection of food or anything that was really fresh. The hotel has signature peanut shells on the floor which are a slipping hazard. The toilets around the corner are below Singapore standards.,"

The hotel is stunning but costly. It has a lot of visitors since it is widely liked. The bedrooms are comfortable and come with a DVD player. The staff members' service was perfect, always cheerful. Unfortunately, the hotel does not have a great selection of food and some of it was not very fresh. What was hazardous, though, were the peanut shells on the ground. The toilets near the corner are not up to Singapore's standards.","

The hotel is lovely, but pricey. It is immensely popular with many visitors staying due to its fantastic reputation. The bedrooms are cozy and come with a DVD player. The employees provided exemplary service, all of whom were amazingly cheerful. Unfortunately, the food was not all good as some of it wasn't very fresh. What was concerning, though, were the peanut shells littered on the ground. The restrooms located at the corner do not reach Singapore's standards.",0.5845004856089328
ref,train,15,"This hotel gives a mix of luxury and odd unsafe feeling. The location was fine. It is on the outskirts of downtown and close to everything you need: it is steps away from Eaton Centre, Yonge Street, and great shopping areas. However, the blocks surrounding it aren't ideal. The hotel staff pleasantly provided lots of great local recommendations. The food here is okay including the hot and cold options for breakfast buffet. It is worth checking restaurants across the road as well. This hotel provides so many amazing additions, such as a nice swimming pool with hot tubs and locker room facilities, a beautiful roof top space with plenty of seating, and complementary internet access. The only downside is the expensive underground parking.","

This hotel offers a luxurious experience but some may find it uneasy due to its location. Being just steps away from the Eaton Centre, Yonge Street, and other various shopping areas, it has convenient placement. Sadly, the blocks surrounding the hotel may not be up to par. However, the friendly staff were more than willing to provide travelers with local tips and recommendations. As far as food goes, the hot and cold options served at the breakfast buffet are okay but it may be worth looking into what restaurants across the street have to offer. The hotel also has several great amenities making it a desirable place to stay such as its swimming pool with hot tubs and locker room facilities, a stunning roof top seating area, and Wi-Fi access","

This hotel offers a grand stay, though some may have reservations due to its locality. Being just a few steps away from the Eaton Centre, Yonge Street, and several other shopping areas, it is certainly easy-to-reach. Unfortunately, the neighborhood may not be entirely appealing. Nonetheless, the hotel personnel was more than happy to offer tourists useful tips and takes on the area. As for grub, the warm and cold dishes available at the morning buffet are acceptable, but you may want to check out what restaurants across the street have to provide. Moreover, great services such as a swimming pool with hot tubs and lockers, an amazing roof top seating area, and Wi-Fi are all provided—making this an ideal vacation place.",0.6358674868099656
ref,train,16,"The hotel was attractive and clean. The hotel is situated next to the train station but also next to the fire department which can make it noisy. There are lots of bars nearby. The hotel rooms are clean and comfortable, although perhaps in need of a slight touch up and redecoration. The room had good disabled access, including the bath. The hotel provides a free breakfast buffet in the morning, as well as free hot drinks all day, which is popular with families staying. The hotel is also close to Rock Bottom Brewery, which serves really good food. The hotel can provide early check-in instead of waiting later, which was a nice gesture.","

The hotel had a pleasant appearance and was immaculate. It was conveniently located by the railway station and close to the fire department, generating some noise. The area was populated with plenty of pubs. The accommodation was clean and inviting, though it could benefit from a refresh. The restroom was wheelchair friendly, inclusive of the bathtub. Every morning, visitors could feast on a complimentary breakfast spread and hot beverages for the entire day - a great option for groups. Within short walking distance, Rock Bottom Brewery let out sensational meals. If arrival was earlier than expected, the hotel could also provide early check-in, which was a considerate gesture.","

The hotel was attractive and well-kept. Its nearness to the railway station and fire department made it the ideal spot, though it did have some noise due to the busy area. The guest rooms were inviting and comfortable, yet they could use an upgrade. The wheelchair accessible bathroom, complete with a bathtub, was a nice touch. Every morning, guests could enjoy a complimentary breakfast and hot drinks for the whole day, making it well suited for groups. Rock Bottom Brewery, which was just a brief stroll away, provided delicious meals. Additionally, if individuals needed to check-in early, the hotel was more than willing to accommodate them.",0.661371933677745
ref,train,17,"The hotel has all the modern conveniences but is set out in a classical style. It's super easy to access the city centre from this hotel, making it a great hotel for location. At this hotel some rooms are very elegant and quiet with comfortable beds and even a fireplace. The shower was great, too, but the walls are really thin. The hotel even provides car service. The hotel provided some great food and every dish tasted great. Unfortunately the taps on the sinks were pretty tight and because it is an older building there seemed to be no soundproofing.","

This hotel has all the updated amenities, but is decorated in a traditional fashion. It is incredibly quick and easy to get to the downtown area, making it an ideal choice for location. The rooms are very grand and tranquil, including comfortable beds and fireplaces. The showers were remarkable, however the walls were quite thin. In addition, it offers car service. Not only was the cuisine scrumptious but all dishes were delectable. Unfortunately, the sink faucets were quite stiff and since it is an older structure, there was no soundproofing.","

This hotel boasts up-to-date facilities, but with a classic look. It is conveniently located close to the downtown area. The rooms have a luxurious and peaceful atmosphere and include features like comfortable mattresses and fireplaces. The showers had amazing quality, but the walls were fairly thin. Besides, they provide a car service option. The food is wonderful, and all the dishes tasted great. Unfortunately, the sink faucets were a bit trickey to use and due to its age, there was no soundproofing.",0.5756763098195787
ref,train,18,"This is overall a really great hotel but a bit pricey. It could be quite disturbing if you stay on the front of the hotel due to the horns from the street. The location of this hotel is absolutely great and central, you can walk to many shops, Gaudi 's Casa Batllo , and la Pedrera. The metro station is also really close. A standard room at this hotel is smaller than expected, with most of the space being taken by the huge but very comfortable bed inside. The bathrooms was outdated and need some updating. The room service was overpriced. Unfortunately the hotel's breakfast definitely not worth the money. The lifts were a bit inconvenient and request long time wait because there are only two of small and infrequent ones. Also, the rooms facing courtyard at the back are quieter than the ones to the front.","

This hotel was overall really great, but a bit expensive. If you stay on the front side, the horns from the street might be bothersome. The location was very central, so you could walk to attractions like Gaudi's Casa Batllo and La Pedrera. The metro was also close by. The standard room was smaller than anticipated, and the bed took up a lot of the space, but it was comfortable. The bathrooms need some updating, and the room service was costly. The breakfast was not worth the money. The lifts were slow and waiting long periods of time was common since there were only two of them. Staying in a room that faces the courtyard at the back of the hotel ensures more quietness than those at the front.","

This hotel was quite good, but it was quite costly. Being situated in the city center, you can take a walk to Gaudi's Casa Batllo and La Pedrera. The metro station is close, too. The standard space was not as big as expected, and the bed filled up a big part of the area, but it was very comfortable. Things like bathroom fixtures and the room service rates should be improved. Additionally, the breakfast didn't deserve the money they asked. The elevators were slow and passengers had to wait a lot of time, because there were only two of them. If you choose a room facing the courtyard in the back, you will have more peacefulness than the ones that face the street in the front.",0.6849176288844405
ref,train,19,The hotel had a spa and pools that made it a relaxing time during the stay. The hotel was clean and there were also figures made of ice to see. The hotel is ideally located to explore local restaurants and bars in the area. The room was large and featured a flat-screen high-definition television. The hotel room was always very clean and toiletries were always provided upon asking. The price of the food is quite off-putting and they could improve what they offer. Despite being fairly pricey there were really stunning atria with various wildlife to see.," 

The hotel had a spa and pools that provided a relaxing atmosphere during the stay. In addition to the cleanliness of the property, the figures made of ice were a delightful surprise. Its location made it easy to enjoy the local restaurants, bars and wildlife nearby. The room was sizable with a flat-screen high-definition television, and all toiletries were made readily available upon request. Unfortunately, the food prices were quite expensive and could be improved. Nevertheless, the vibrant atria were breathtaking with a variety of wildlife to view.","

Staying at the hotel, guests could experience a tranquil atmosphere between the spa and the pools. Plus, the property was pristine, and surprising sculptures made of ice decorating the lobby. Its prime location made it easy to explore the nearby restaurants, bars and animals. The room was roomy, having a flat-screen, HD television and toiletries were immediately provided after asking. However, the food prices were rather steep and could use some adjustments. In any case, the vibrant atriums were a sight to behold, with various wildlife around.",0.6461560738411446
ref,dev,20,"The hotel has conference rooms available to rent out for conferences and corporate events. The location of this hotel makes it easy to access restaurants, the river and shops. The rooms are a good size and well decorated. The bathroom in the hotel was large and with a large bathtub. Small touches like a chocolate on the pillow are also nice. The hotel has a roof terrace for drinks. Unfortunately the hotel is missing the availability of a pool.","

This hotel is located conveniently near restaurants, the river and shops, making it a great place to rent out for a conference or corporate event. The rooms are roomy and nicely outfitted. The bathrooms are especially large, some with bathtubs, and small amenities like a chocolate on the pillow make it feel especially homey. For refreshment, there is a roof terrace bar. The only downside is the lack of a pool.","

This property is situated in a prime spot, with nearby eateries, the waterway, and shops all close by, making it the perfect spot for a convention or work gathering. The lodgings are sizable and feature nice furnishings. The bathrooms, several with tubs, are particularly huge and special little surprises like a sweet on the cushion make it feel like a home away from home. On the rooftop there is a beverage deck for a quick refresher",0.6028315704634064
ref,dev,21,"This is a hotel located in an excellent place. It is perfect to walk to the entertainment district as well as pubs and restaurants. Rooms on the higher floors are excellent as they can provide a great view. The room itself is of a lovely quality and even had a full kitchen, which is incredibly useful. The hotel's complimentary breakfast was really good.","

This hotel is situated in a prime location, just a short walk away from the district for nightlife, eateries, and bars. The higher levels of the hotel offer splendid views, as well as quality lodgings that come with a kitchen area, providing plenty of convenience. On top of that, the establishment serves an excellent complimentary breakfast.","

This hotel is in an excellent spot, right around the corner from a district filled with restaurants, bars, and places to have a good time. Guests have wonderful views from the upper floors, and their rooms are of top quality and have a kitchenette, making it really easy to stay here. Moreover, a complimentary breakfast is included with each stay.",0.4650695765803656
ref,dev,22,"The hotel has a level of homely comfort, but sometimes lack small personal touches, The hotel is connected to a subway and sits above the Pacific Place shopping mall., however it can take a while to travel to the business district. The rooms are really modern but unfortunately lacking in style and space. The hotel has a cafe that provides lunch but it was really expensive and equally as disappointing, however you can get drinks from the bar that's in the foyer. The hotel had good facilities available, such as a gym and a pool.","

The hotel has a homely atmosphere, but it can be missing small, personalized touches. It is conveniently connected to a subway station and sits above the Pacific Place shopping mall, but getting to the business district may be a longer jouney. The rooms are modern, though their size and decoration can be lacking. The cafe provides lunch, but at a hefty price and the food has been known to be a bit underwhelming. The hotel's saving grace lies in its many facilities, such as a gym and pool.","

The atmosphere at the hotel is welcoming and warm, however, it may fail to provide some of the necessary personalized details. It is conveniently located near the subway station, and is situated over the Pacific Place mall. There may be a lengthy journey to the business district, but the rooms have modern touches, if a bit small and plain. The cafe provides lunch but the prices are steep and the food does not live up to expectation. Fortunately, the hotel has many facilities such as a gym and a pool to make up for its shortcomings.",0.508123807454674
ref,dev,23,"The hotel was clean and reasonably priced. The hotel does need a makeover and would improve if some of the charges were lowered. This hotel is located in a really great area with a really handy walk to the shopping area and restaurants, as well as a convention centre nearby. The rooms are spacious and flawlessly clean with everything available that you could possibly need. The bed was unbelievably comfortable and provide a great night's sleep. The hotel is a little bit outdated and in need of a bit of an upgrade though. The hotel had an expensive breakfast however overall the food is great. The pool at the hotel is open for a good amount of time for guests. There is also parking available which is a bit expensive, but the hotel can help out with it.","

The accommodation was spotless and affordably priced. It definitely needs some modernising, but if the costs were reduced, it would almost certainly be enhanced. The area the hotel is situated in is great - nearby to lots of shops, cafes and a conference centre. The bedrooms in the hotel are spacious and tidy with any requirement for comfort stored in the suite. The bedding was so comfortable and offered a wonderful night’s sleep. Although, the hotel is a bit outdated and in need of some renovations. The breakfast provided is expensive, the remainder of their food selection is top notch. Guests can avail of the swimming pool for a considerable amount of time. Although the parking can be quite pricey, the hotel willing to help out.","

The accommodation was spotlessly clean and reasonably priced. It definitely requires some updating, but if the costs were decreased it would in all likelihood be improved. The area the hotel is based in is great - close to plenty of shops, cafes and a conference centre. The hotel rooms are spacious and tidy with everything needed for comfort included. The bedding was incredibly comfortable and enabled for a great night's sleep. Although the hotel is somewhat outdated and is in need of some refurbishments. The breakfast is an additional cost, but the rest of the menu selection is of a very high quality. Guests have access to the pool for a decent amount of time. Although parking can be quite pricey, the hotel is happy to help.",0.6324021741286788
ref,dev,24,This greatly loved hotel is well kept and comfortable. Everything you could need in terms of shops and restaurants are really close to this hotel making it superbly located. Additionally there are plenty of attractions such as a theatre and cathedral just around the corner. The view from the luxurious room was really nice overlooking the courtyard when it was sunny. Additionally rooms can accommodate four people while still being comfortable and really clean. The doorman was always at the entrance of the hotel to greet guests and the great staff were very welcoming. There was a buffet for breakfast and it provided great-tasting food. Additionally there is a great outdoor dining area that was well-suited for eating lunch. There were some really great toiletries available at this hotel. The price was really reasonable as well considering how comfortable and elegant the hotel is.,"

This beloved hotel is very well-maintained and cozy. There is a variety of shops and eateries nearby, so the lodging is in an exceptional spot. Moreover, there are various attractions like a theater and cathedral within walking distance. From the grand guest room, one had a stunning view of the courtyard when the sun was shining. Moreover, four people could also stay comfortably in one room, and every space was exceptionally clean. There was a doorman who was always ready to greet visitors, as well as a warm and affable staff. Guests could enjoy a vast selection of scrumptious fare with their morning meal in the buffet. There is also an outdoor dining area suitable for lunch. Top-notch toiletries were available at the hotel, and the rates were quite reasonable given how delightful and sophisticated the hotel is.","

This beloved accommodation is very well maintained and homey. It has a good location, being close to a wide range of shops and restaurants. There are also numerous attractions which can be reached on foot, such as a theater and cathedral. From the magnificent guest rooms, people can witness the magnificence of the courtyard while the sun is out. Besides, up to four occupants can sleep in one room and each area is sparkly clean. The welcoming doorman and friendly staff add to the graciousness of the facility. Furthermore, a delicious spread is served in the morning buffet, while a garden dining facility is provided at lunchtime. For toiletries, the quality is admirable and the price is quite sensible considering how comfortable and exquisite the lodge is.",0.6695996819178195
ref,dev,25,"The hotel is great and provides a safe place to stay. It is a favourite with guests. The hotel is close to the metro line and Rembrandt Square and away from the louder tourist areas. The room was quite small at this hotel but it was quite modern and clean. Everything was wheelchair-accessible which was fantastic, even if there was no shower curtain and it left the bathroom floor somewhat wet. The staff at the front desk were unhelpful to guests. The hotel provides a fantastic selection of food in their seafood bistro. The WiFi in the hotel lobby is very slow. The carpet was dirty and the exterior of the hotel is noisy and overcrowded.","

This hotel offers amazing safety and is a preferred option from customers. Due to its proximity to the metro line and Rembrandt Square, the hotel is tucked away from the busiest of tourist spots. Despite being relatively small, the room proved to be both clean and modern. To make it even better, it was wheelchair-friendly, even if there was no shower curtain meaning that the bathroom got wet. The staff however, were not particularly helpful to visitors. The seafood bistro offers a wide variety of amazing food. The wifi in the hotel lobby was terribly slow and the carpet was unclean. Unfortunately, the exterior was overcrowded and quite noisy.","

This accommodation has an exceptional focus on safety and is favored among customers. Located not far from the metro line and Rembrandt Square, the hotel is secluded from the more populated parts of town. Although on the tiny side, the room was impeccable and contemporary. Wheelchair-accessibility was an added bonus, although showers were not fitted with curtains which resulted in a damp bathroom. The personnel wasn't particularly supportive to customers. As for the seafood restaurant, their selection of dishes was tremendous. Internet connection in the lobby was exceptionally sluggish and carpets needed to be cleaned. A problem was the crowded noise outside the building.",0.5825806916075096
ref,dev,26,"This is a really great little hotel. It isn't a full-on resort but it was nice all the same. There are many things to do within walking distance. The hotel rooms are smaller, but clean and furnished well with antiques for some charm. The breakfast at the hotel was adequate. The coffee was great. There were some items missing and there was a run-down feel here. The carpeting did not help with the worn-down atmosphere. The elevators weren't that big either meaning a surfboard could not even fit in it.","

This hotel was really nice in its own right, even though it wasn't an extravagant resort. Plenty of entertaining things can be found nearby for those looking for something to do. The guest rooms, though not large, were orderly with vintage decorations for a classical vibe. Breakfast options were acceptable, though accompanied by some shortcomings. The coffee, however, was quite tasty, as well as the whole atmosphere was quite run-down, with aged ornamentations and carpets. Furthermore, the elevators were not very spacious and were unable to even fit a surfboard.","

This hotel was quite pleasant in its own right, even if it isn't a luxurious resort. There are plenty of exciting activities for those looking for something adventurous to do. Although the guest rooms weren't particularly big, they were neat and decorated with old-fashioned pieces to give it a traditional ambiance. Breakfast was alright, but could be improved. The coffee was delicious, however, and the building was rather antiquated, with ancient decorations and carpets. Additionally, the elevators were quite small and wouldn't be able to fit a surfboard.",0.6466221210148382
ref,dev,27,The hotel is tranquil and clean and overall an enjoyable place to stay whilst in Rome. The hotel is close to a number of local restaurants and the busier areas of Rome. The rooms in the hotel are adequate with spacious bathrooms. The staff leave a chocolate on the beds each night for their guests. The buffet breakfast was very good. The hotel's corridors were quite plain and could benefit from some decoration. The free Wi-Fi worked well and the Bulgari toiletries smelled lovely.,"

The hotel is a peaceful and tidy place to spend time in Rome, and conveniently close to some dining spots and the buzzing parts of town. The rooms are suitable, with large bathrooms, and each evening a chocolate is left on the bed for all of the guests. The morning buffet was great, though the hallways are rather unadorned and could use a touch of decoration. The complimentary wireless was strong, and the Bulgari toiletries fragrances were delightful.","

This hotel in Rome is very tranquil and well kept, while still being near some nice restaurants and thriving areas. The sleeping quarters are spacious and come with large restrooms, and every night there is a delicious chocolate waiting in the room when you return. The breakfast selection was great, but unfortunately, the hallway aesthetics are quite unsatisfactory and could use some sprucing up. Nonetheless, the provided wireless internet is strong and the Bulgari courtesy toiletries smell divine.",0.5370940537241232
ref,dev,28,This flawless hotel provided a great stay and it's really recommended. The hotel is closely located to Giotto's Campanile. The rooms in this hotel are really great and quite spacious. There was some outside noise from the bells in the morning however. It was difficult to navigate the hotel due to the floor layout.,"

This immaculate hotel provided an extraordinary stay and is highly suggested. Being in the vicinity of Giotto's Campanile, the lodgings were excellent and fairly large. In the morning, there was some external sound of the bells, which caused some difficulty in exploring the hotel due to its floor pattern.","

Staying in this impeccable hotel was a great experience and it's highly recommended. Located close to Giotto's Campanile, the accommodations offered were spacious and comfortable. In the morning, there was some noise coming from the bells outside, making it a bit tricky to explore the hotel because of its layout.",0.3172416995908321
ref,dev,29,"This is a great place for a short stay and it will likely make you want to come back again. The hotel isn't really central. The area is quite safe so really the location is pretty good. The rooms in the hotel are modern. Some of the hotel's staff seemed disinterested in helping with an incident at the hotel. It is worth mentioning that you can get a complimentary coffee from the barista. There is a coffee machine supplied here, which is fine. The parking at the hotel costs 12 a night.","

This hotel is an ideal spot for a brief stay that may have you longing to return. Though slightly removed from the downtown, the district is secure, so the position is more than satisfactory. Outfitted with sleek, up-to-date lodgings, one negative noted was that a few of the hotel staff seemed apathetic about helping out with a dilemma at the hotel. And, it's worth noting that the barista offers complimentary coffee. There is a coffee apparatus provided here too, which does the job. Parking at the hotel","

This hotel is the perfect place for a short stay that leaves you wanting to come back. It's not necessarily located in the downtown center yet the area is safe and secure, making it more than satisfactory. The rooms are modern and nicely decorated, but unfortunately a couple of the hotel staff were not supportive when an issue at the hotel arose. Additionally, coffee is served by the barista without cost. There is a coffee maker present as well, which gets the job done. Free parking is available at the hotel.",0.5608806137885968
ref,test,30,"The hotel is decent and a great choice if looking for a cheap, clean, and secure place to stay. The hotel is close to the Grand Bazaar, Blue Mosque and the tram lines for transport around the city. The rooms are pretty comfortable but this room in particularly constantly had smoke blowing up from the lobby. The staff at the hotel provided a good service. The hotel had breakfast included in the price of the stay. One thing to note with the hotel is that there is only a one way transfer, so you will have to pay for either the pick up or the drop off to the airport.","

If you're looking for somewhere with affordability, cleanliness, and security, the hotel is a good option. Located close to the Grand Bazaar, Blue Mosque, and various tram lines, you'll have easy access to public transport throughout the city. The rooms are comfortable, but unfortunately, smoke often wafts up from the lobby. The staff proved to be welcoming and accommodating, and the cost of the stay includes breakfast. The only caveat is that they offer one-way transfers, so you'll have to pay for the airport pick-up or drop-off separately.","

If you're searching for a cost-effective, hygienic, and secure stay, then this hotel would be a suitable choice. Not far from the Grand Bazaar, Blue Mosque and offering several tram lines, you will have handy access to the city's public transportation. The rooms are comfortable, but unfortunately guests can smell smoke from the lobby. The staff were pleasant and accommodating, and the overnight rate includes a complimentary breakfast. The only downside is that they only provide one-way transfers, so there is an additional fee required for the airport drop off and pick up.",0.5092863756118493
ref,test,31,"The facilities of this hotel are really great and therefore it's one of the most enjoyable stays. The location of the hotel was rather disappointing and not a very scenic area of Hong Kong. The hotel's rooms are adequate, although perhaps a little darkly lit. The rooms are clean and quiet, although for a more updated room it is worth booking a room on the Club floor. There is nothing the staff find to be too much trouble. The buffet breakfast is absolutely amazing and really varied. In addition the restaurant provides some really good food that's worth trying. The hotel has a bi-hourly bus shuttle service available to guests. It is not worth getting a hotel with a pool as it is often not the climate for swimming etc.","

This hotel is an enjoyable place to stay, thanks to its excellent facilities. Unfortunately, the location isn't the best and the scenery isn't so great. The guest rooms are decent, but could use a bit more brightness. They are still clean and peaceful, however, and if you'd like the most modern accommodation you should book the Club floor. The hospitality of the staff could not be faulted - they go out of their way to help. The breakfast buffet is delightful and varied, and the restaurant also offers some tasty food. If you need to go somewhere, there's a bus shuttle with departures every two hours that's free for guests. Lastly, while a pool would be nice, it's not the most practical addition given the local climate.","

This hotel provides nice amenities, though the location and scenery aren't anything to write home about. The rooms are decent, albeit a bit on the dim side, still they are immaculately clean and tranquil. For the most up-to-date lodging, reserve the Club floor. The staff are extremely welcoming and helpful, and the breakfast and restaurant food is delightful. Every two hours, there is a free shuttle bus for guests to use to get around. A swimming pool would be a bonus, but unfortunately it isn't realistic given the climate.",0.705829334657108
ref,test,32,"A unique hotel that provides a similarly unique and unforgettable experience. It can't be recommended highly enough for the convenience and friendliness here. The location is superb. It had absolutely in the center of everything you could need. The hotel rooms are decorated sophistically, although the TV was very small. Exceptional service; every member of staff on front of house were super polite, courteous and so thoughtful. Brasserie Jo, the restaurant attached to the hotel, is excellent with delicious food, charming atmosphere , and the best service. There's a good gym in this hotel. It is on the fifth floor and features some cardio machines.","

This hotel offers an unusual and remarkable stay that must be highly recommended for its ease and hospitality. The situation is outstanding, located perfectly in the middle of whatever you might need. The bedrooms are ornamented tastefully, even though the television was rather meager. Superb service was provided; everyone working at the front office was very respectful, polite, and kind. Brasserie Jo, the restaurant that is next to the hotel, is superb with scrumptious cuisine, an ambiance that is pleasant, and the greatest service. It comes with a gym as well, which is located at the fifth floor, and contains some cardio equipment.","

This hotel gives an extraordinary and remarkable stay that deserves much praise for its convenience and hospitality. The location is unbeatable, found conveniently near all the necessary centers. The bedrooms are attractively decorated, but with a slightly small television. The staff was exceptional; all the employees at the front desk were extremely courteous, respectful, and helpful. Brasserie Jo, the restaurant next to the hotel is a remarkable experience - with delicious meals, a pleasant environment, and top-notch service. There is also a gym on the fifth floor, which has some cardio machines.",0.5613738258507669
ref,test,33,"Highly recommended hotel that you will want to come back to because it is definitely five-star. The hotel is only a minute from the beach in both directions. The hotel also has a rooftop pool with a view of the sea too. The hotel is located near to the Port Olympic and Barcelonetta. There is also a fitness park a two minute walk away. The hotel room had a good bathroom, but the pillows and linen were a bit uncomfortable. The bed was a good size and there was a large TV, WiFi etc. The room was specious and clean and also had a sea view. The food was really good here especially the breakfast. Sometimes the restaurant did not open for dinner but the chef would be flexible for a small party, which is great. The pools were a great addition to this hotel as well at the fitness centre. There's even a Jacuzzi on the rooftop, which was really fun.","

This hotel is an absolute must-visit. Only a stone's throw away from the beach, the Port Olympic and Barcelonetta, this five-star establishment is sure to make you want to come back again. Boasting a stunning rooftop pool with a view of the sea, a fitness park two minutes away and a top-notch Jacuzzi on the rooftop, its features add to the overall star-rated experience. While the room had an excellent bathroom, its pillows and linen were a bit uncomfortable. The bed was great and there was plenty of space in the room and it was clean, with a sea view to top it off. The food here was really good too, particularly the breakfast, and if the restaurant wasn't open for dinner, the chef was flexible for small groups.","

This hotel is a definite spot you don't want to miss! Just a short distance away from the Port Olympic, the Barcelonetta and the ocean, it is a five-star destination that will definitely keep you coming back. Delight in the beautiful ocean view from the rooftop pool, indulge in the Jacuzzi, and break a sweat at the nearby fitness park. The restroom was especially impressive, though unfortunately, the bedding and pillows were not as comfortable as expected. The room also had plenty of floor space and a stunning seaside view. To complete the satisfaction, the meals here were excellent, especially the breakfast, although the restaurant could not open for dinner, the chef was still willing to cater to smaller groups.",0.653536765316668
ref,test,34,The hotel was great and comes highly recommended. The hotel is close to transport networks. The modern rooms were really clean. What really stood out was the thermostat that controls the heat and coolness of the room. The complimentary breakfast provided by the hotel was substandard. The hotel has a thermostat control.,"

The hotel was outstanding and well worth recommending; it's in close proximity to transportation. The up-to-date guestrooms were neat and tidy, and the standout feature was the thermostat regulating temperature. Unfortunately, the free breakfast didn't measure up to standard, however the hotel is equipped with temperature control.","

The hotel was of high quality and deserves to be applauded; it's nearby public transport. The rooms were kept clean and organized, with a functional thermostat to keep it at the right temperature. Yet, the complimentary breakfast fails to meet expectations, but guests can adjust the temperature as needed.",0.40253038274601594
ref,test,35,"It's a good hotel and would definitely recommend as well as return for another stay. The hotel is in a perfect location in the old quarter of Istanbul. The hotel is within minutes of the Blue Mosque and the Grand Bazaar, along with many other traditional and historic places in Sultanahmet. The rooms here are cosy and on the small side but always very clean and comfortable enough. The staff were knowledgeable about the local area. The breakfast was fit for a king so that's definitely recommended. There was nothing not to like especially with breakfast on an open terrace. The hotel provides complimentary internet access in the reception.","

I would certainly recommend this hotel and would be happy to stay there again. Located in the old quarter of Istanbul, it was mere minutes away from attractions such as the Blue Mosque, the Grand Bazaar, and other places of interest and historical sites in Sultanahmet. Although the rooms are small, they are kept clean and comfortable. Moreover, the staff had extensive knowledge of the local area. Additionally, the breakfast was truly remarkable and served on an outdoor terrace. Aside from this, free internet access was offered at the reception. All in all, I cannot find one thing to dislike about this hotel.","

I would highly suggest this hotel and wouldn't mind returning there in the future. It was perfectly located in the old section of Istanbul, just a few minutes away from the Blue Mosque, Grand Bazaar, and other areas of attraction and historic landmarks. Even if the rooms are somewhat cramped, they were clean and cozy. Furthermore, the staff was incredibly knowledgeable about the area. Moreover, the breakfast was extraordinary and served in an outdoor courtyard. Furthermore, free WiFi was accessible from the reception area. Ultimately, I do not have any negative feedback about this hotel.",0.6754046901842421
ref,test,36,"The price of staying at this hotel was reasonable. The hotel is located in the city centre and right next to a canal. The rooms of the hotel can be small and with little beds. The rooms are good value and are clean and well furnished. The continental breakfast was a bit limited but it did taste great and it was provided by the hotel for free. The hotel did provide free internet access. However, be warned of the steep stairs if you have heavy luggage. The hotel is gay friendly, but there are homosexual pornographic materials left out in public areas.","

The cost of this hotel was fair. It is situated in the downtown area, close to a canal. The rooms are not spacious and the beds can be small, but they are nicely priced and well maintained with neat furnishings. The continental breakfast served was somewhat restricted in quantity, but it was scrumptious and free to hotel guests. Free Wi-Fi is available. Be warned of the steep steps if you have heavy baggage. This hotel is welcoming to the LGBTQ+ community, although there are explicit homosexual pornographic materials displayed in areas accessible to the public.","

This hotel is located in downtown, close to a canal and is fairly priced. The rooms are small and the beds are not large, yet they are well-kept with nice furniture. The continental breakfast was not abundant but it was delicious and complimentary for hotel-goers. Wi-Fi is free of charge. A warning for those carrying bulky suitcases: the stairs at this hotel are steep. Additionally, the hotel has an inclusive atmosphere to the LGBTQ+ community, despite explicit gay pornography being in publically accessible areas.",0.5998802770315175
ref,test,37,"The hotel is situated about five minutes away from the airport and offers a free shuttle service to the downtown area at twenty minutes past the hour. The two-bedroom suite in this hotel was stunning and really impressive. There were lots of nice features such as granite worktops, marble flooring, stainless steel appliances for guest use, and the bathroom featured Jacuzzi tubs and a really big walk-in shower. The breakfast passes only included the fruit and bread. The parking facility at the hotel cost $18 which is expensive, and the water at the hotel was discoloured and riddled with seaweed.","

This hotel was located merely five minutes away from the airport, providing convenient shuttle services to the city center every twenty minutes. Guests who stayed in the two-bedroom suite were amazed at how impressive it was, showcasing luxurious features like a granite worktop, marble floors and stainless steel kitchen appliances. Additionally, the bathroom included Jacuzzi tubs and a roomy walk-in shower. Unfortunately, the breakfast passes were only limited to fruit and bread, and parking here cost an expensive $18. Furthermore, the water quality was sub par, being discoloured and filled with seaweed.","

Only five minutes away from the airport, this hotel supplied shuttle transport to the city center every twenty minutes. Visitors that occupied the two-bedroom suite were amazed by its extravagance, with gorgeous granite worktop, polished marble surfaces and up-to-date kitchen appliances. The bathroom housed a mini-spa with Jacuzzi tubs and a capacious walk-in shower. Unfortunately, the breakfast options were limited to fruit and bread and there was an expensive fee of $18 to park here. Appallingly, the water quality was poor, being clouded and containing seaweed.",0.4545166217767031
ref,test,38,"This lovely and charming hotel can be busy during September time. This hotel is nicely located in quiet neighborhood and also close to the best things to do in Venice. The room were clean but it seems more like a dorm than a hotel room. You need to spend extra 20 euro for an upgrade. Very friendly owners. While the breakfast is basic here the breakfast area is quite small and it gets filled up fast, there are lots of places near by; the staff will even make a reservation for you. The local boat trip to Murano is worth it but the advice would be to go on the normal boat.","

This beautiful, charming hotel may be busy during the month of September as it is in a tranquil area as well as near many of Venice's best attractions. Although the rooms were clean, they have more of a dormitory feel so you would have to spend an extra €20 to get an upgrade. The owners are very hospitable and the morning meal is simple, but the breakfast area is particularly small so it gets filled up quickly. However, there are nearby cafes and the staff will even make reservations for you. The boat trip to Murano is worth it, although it is suggested to go with the normal boat.","

This captivating hotel can be quite crowded during September as it is located in a tranquil zone nearby several of Venice's best attractions. Although the accommodations were tidy, in order to acquire a higher quality stay, an additional €20 was required. The proprietors of the hotel are very welcoming and the buffet-style breakfast is basic however the area for dining is much too tiny for the amount of guests and fills up rapidly. Nevertheless, there are close-by restaurants and the front desk personnel will make reservations for you. The boat trip to Murano is suggested as a must-see although it is preferred to choose the regular boat.",0.6373190491604159
ref,test,39,The hotel is a tranquil escape from the bustle of the Old Town. It is decorated in a modest and antiquated fashion. If you ask at this hotel you can get an amazing room with a sea-view. The bathroom seems updated and features a really great pressure shower. The continental-style breakfast was really good and served on the rooftop terrace. There are really great views at this hotel. Additionally found that their slippers are really comfortable and don't feel cheap.,"

If you're looking for a break from the hustle and bustle of the local area, this hotel is the perfect spot. It has a vintage charm, and when you book a room you get a great view of the sea. The bathroom was clean, modern and was equipped with a great shower. Breakfast was amazing and was served on the rooftop terrace. On top of this, you get access to amazing scenery and lovely slippers that don't feel cheap either.","

Seeking a reprieve from the vigorous activity of your nearby town? This hotel is just the ticket. With a vintage atmosphere, you'll be given a great look of the ocean when you book a room. The lavatory was spotless, up-to-date and was outfitted with an awesome shower. Breakfast was incredible and was served on the roof terrace. In addition, you get the advantage of breathtaking scenery and pleasant, good-quality slippers.",0.5921764247843759
ref,test,40,"The hotel is particularly good value for money. The location is central and close to the City Hall. There is also a Burger King and a 7 Eleven convenience store nearby. The rooms in the hotel were clean but the decor was a little outdated and the rooms were too cold. The buffet breakfasts and dinners in this hotel is absolutely superb and there is even an a la carte lunch option. If that wasn't enough there is a great bar on the ground floor with really good tasty food, too. The internet provided at the hotel was of poor quality because it was so unreliable and you had to put a down-payment just to connect. However, there is a pool here at the hotel and that's really clean and of good quality."," 

Visiting this hotel is a great deal for the money. It's conveniently located close to the City Hall, plus there is a Burger King and a 7 Eleven nearby. The rooms in this hotel are clean, although they may appear a little antiquated, and are quite chilly. The buffet breakfast and dinner are fantastic, and a la carte lunch options are available. Additionally, a dependable bar with yummy food is located on the ground floor. The internet service here is inadequate, as it is costly to connect and very unreliable. Although the quality of the pool is top-notch if that provides any consolation.","

Staying at this lodging spot is an excellent investment for the cost. It's conveniently situated in the vicinity of the Town Hall, in addition to a Burger King and 7 Eleven being near. The rooms in the hotel are clean although they may seem relatively outdated, and it can be quite chilly. The complimentary breakfast and dinner is amazing and à la carte lunch choices are obtainable. There is also a dependable bar with delicious dishes at the ground level. The internet here is not the best since it is expensive to sign up for and it is not reliable. Although the pool facilities are top-notch if that is any consolation.",0.5891060823896866
ref,test,41,"The hotel's furnishings is a bit outdated and need updating but it was very clean. This hotel has great central location; it is very close to many attractions, like MRT, Clarke Quay , and the National Museum. The bed was comfortable and the full size bath was a nice bonus. The isolation is bad so the elevator and neighbor speaking could be heard very clearly. The other downside is the lack of style and no wifi in the room. Disappointing breakfast. Very limited choices with no fresh fruit. This hotel has a very small pool.","

The accommodations at this hotel are a bit out of date and could use a refresh, but it was very clean. It has a great central location near public transit, Clarke Quay and the National Museum. The bed was comfortable and the full bath was a nice touch. However, soundproofing is poor, so noises from the elevator and from neighbors were very audible. Additionally, there is a lack of aesthetic style and no wifi in the rooms. The breakfast does not meet expectations with a limited number of choices and nothing fresh. It does however have a small pool.","

The rooms of this hotel could do with an upgrade, however it was tidy. It has a great spot close to public transport, Clarke Quay, and the National Museum. The bed was comfy and the full bathroom was a nice addition. Unfortunately the sound insulation isn't very effective, meaning the lift and ambient noise coming from other rooms could be heard. On top of that, the interior lacks character and wifi in the rooms is missing too. Breakfast left a lot to be desired, with a small selection and no fresh meals. The hotel does however feature a small pool.",0.5436299777445379
ref,test,42,"This hotel may not be the right option for some. The hotel is only a five minute walk from the Town Hall rail station and you can also walk to shopping and tourist attractions from the hotel. The hotel is also close to Darling Harbour. The corner-room was of an okay size and really cleaned to a high level. Check-in to your room can be earlier if you ask. The staff were quite nice overall but sometimes seemed to be put off and lacking. The breakfast provided by the hotel was Continental., but there were problems with not being on the necessary list. The hotel's restaurant was good., but slightly expensive. The hotel were very helpful with pre-booking information, but check out of the stay was drawn out and frustrating.","

This hotel may not be the best fit for some, however it is located only a five minute walk from the Town Hall rail station. Shopping and tourist attractions are within walking distance, and Darling Harbour is close by. The corner-room was of a decent size and very clean. An earlier check-in can be organised with request. The staff were generally quite friendly, but there were occasions when they seemed to be disinterested. The Continental breakfast was provided by the hotel, however some issues occurred with people not being on the necessary list. The hotel's restaurant was good quality but costlier than expected. The hotel staff were able to provide helpful pre-booking information, although getting checked out was laborious and frustrating.","

This lodging option may not be ideal for everyone, however it is just a five minute walk from the Town Hall rail station. Walking-distance to shopping, sightseeing, and Darling Harbour. The corner room was of a suitable size and very tidy. It is possible to arrange for early check-in, if requested. Most staff were friendly, but there were a few times when they didn't seem to be paying attention. The hotel provided Continental breakfast but there were reports of some people not being recognized as a registered guest. The eatery at the hotel was of good quality yet more pricey than anticipated. The staff was helpful with pre-booking proceedings, even though checking out created time-consuming and irritating problems.",0.687225455977441
ref,test,43,"This is a perfect hotel for a short stay and highly recommended because of the great value for money. The hotel is in a great location if you're looking to visit the Musee d'Orsay or Saint Germain area . Firstly the rooms are designed to be really unique and it shows, but this doesn't compromise the plethora of mod-cons supplied such as iPod dock, minibar, a flat-screen television. There is nothing you could need that isn't available. Whilst very lux inside the room it's very relaxing and charming. The staff at this hotel are really caring with a great attitude. The breakfast provided by the hotel was suitable stocked with fresh, organic produce and there was plenty of food available. The ticket provided by the hotel allows for skipping the line at designated venues.","

This hotel is the perfect place to stay for a short period and is strongly recommended due to its amazing value for money. If you hope to visit the Musee d'Orsay or Saint Germain, it is conveniently located. The rooms not only have their own unique atmosphere, but also provide plenty of modern amenities, such as an iPod dock, minibar, and flat-screen TV for your comfort. The staff are very warm and welcoming, and the hotel's breakfast features lots of fresh, organic items to choose from. Additionally, with their ticket, you get the privilege of skipping the line at designated venues.","

This accommodation is highly recommended due to its outstanding cost-effectiveness for a short stay. Whether you're looking to visit the Musee d'Orsay or Saint Germain, the hotel's convenient location makes it easy. In addition to having its own characteristic vibe, the rooms offer a host of modern amenities, such as an iPod dock, minibar and flat-screen TV, so you can kick back in ultimate comfort. The staff are friendly and helpful, and the breakfast buffet offers plenty of breakfast options made with organic components. What's more, with their ticket you can avoid waiting in long lineups at partnered venues.",0.6764909127151787
ref,test,44,"After booking directly with the hotel it was really impressive and made for a very special weekend. This is the place to be. The hotel was situated close to a metro station, allowing travel to the restaurants of Old Montreal and within walking distance of the Montreal Jazz Festival. The rooms are adequately sized but are clean and with elegant furnishings. The rooms retain some history from its previous incarnation as a bank. The rooms have free WiFi available with lovely modern art too. The hotel has a good bar that is ideal for relaxing whilst listening to some live music. The hotel had no street noise at all and on Friday and Saturday evenings there was a music group playing at the bar area.","

Reserving accommodation directly with the hotel was remarkably effective and created a memorable weekend. This place is a must see. The establishment is near a metro station which facilitates travelling to delightful eateries in Old Montreal and is a brief walk to the Montreal Jazz Festival. The moderate-sized rooms are tidy and offer tasteful decorations. They also sustain some of the past banking heritage. There is unhindered WiFi with decorative, contemporary art pieces decorating the walls. The bar is admirable for soothing tunes and to linger over a drink. The hotel is surprisingly silent and on Fridays and Saturdays, visitors can enjoy live music in the bar area.","

Booking a stay directly with the hotel was remarkably successful, creating a weekend for the ages. This spot is unmissable! It isn't far from a metro station, making it easy to visit delightful restaurants in Old Montreal, as well as close enough to the Montreal Jazz Festival. The moderate-sized rooms are neat and decorated tastefully including some preserved banking relics. Unhindered WiFi along with modern art decorating the halls is also provided. At the bar you can stay and sip a drink while listening to calming tunes. Lastly, the hotel is surprisingly quiet, with live music sets provided from Fridays to Saturdays in the bar.",0.6064070962647445
ref,test,45,"The hotel was a bargain and comes highly recommended. The hotel is located centrally to the main strip and generally everything is within walking distance. It is a minute's walk to beach and nearby 4th street has a selection of local restaurants too. The rooms were clean and well maintained. They were reasonably priced and the deluxe options have a balcony overlooking 5th Avenue. The staff are incredibly knowledgeable about the local area and will happily spend some time advising on the best places to see. They were even gracious enough to book taxis to the airport, which is a great touch. The hotel is near to Rancho Punto Venado, which provides facilities for many outdoor activities such as horseback riding and ATV driving","

This hotel is a steal and definitely worth the recommendation. It is situated in the middle of the tourist district, so everything is within an easy walk. You can even to get to the beach in only one minute! Furthermore, 4th Street is great for dining out close-by. The rooms are nice, tidy, and reasonably priced with deluxe rooms having a balcony facing 5th Avenue. The staff are incredibly helpful and can tell you about the best attractions and can help for transportation to the airport, which is a nice extra. Lastly, Rancho Punto Venado is located conveniently, where you can experience all sorts of outdoors activities such as horseback riding and ATV driving.","

This hotel is a great is a great value and comes highly recommended. It is centrally located in the touristic area, so it is within a short stroll of all the local attractions. Additionally, you can reach the beach in just one minute! Furthermore, 4th Street provides many nearby dining options. The rooms are clean and neat, with deluxe rooms having a balcony that overlooks 5th Avenue. The staff is friendly and very helpful in providing information on the attractions and arranging transportation to the airport. Finally, near the hotel is Rancho Punto Venado, where you can take part in a variety of outdoor activities, such as horseback riding and ATV driving.",0.7236046799327676
ref,test,46,"The hotel was a unique experience with traditional and modern features. A stay at the hotel comes highly recommended. The hotel is situated in an excellent location on the Grand Canal, only a couple of stops to San Marco Square and near to the Salute Church. It is close to a number of art galleries and the Vaporetto. The hotel has rooms overlooking the canal that are nice and clean. The hotel has a simple menu which can be served wherever you like. The minibar is always stocked for guests. Despite being a bit overpriced the hotel did live up to that expectation, so it was worth it.","

Staying at the hotel is a highly recommended experience, blending modern and traditional elements throughout. It is conveniently located near the Grand Canal, just a short ride away from San Marco Square and near to the Salute Church. Additionally, art galleries and the Vaporetto are also in close proximity. Rooms overlooking the canal are neat and tidy. The food selection is straightforward and can be served anywhere at the hotel. Plus, the minibar is always fully-stocked. The cost for the hotel may seem a bit pricey, but it does manage to be worth it in the end.","

Staying at this accommodation is indeed an exceptional experience, as it brings together the old and the new. Located not too far from the Grand Canal, it is a short journey away from the iconic St. Mark's Square and the Chiesa della Salute. In addition, there are also art galleries and the Vaporetto close by. The rooms facing the canal are beautifully kept, and you can expect a no-fuss but tasty menu, to be served in any part of the hotel. Furthermore, the mini-bar will always have a supply of items. The fee for the hotel may appear to",0.6219289545226024
ref,test,47,"It was such a comfortable experience here at this hotel and nice bonus there was classical music that came from a nearby opera school. Excellent location for that is on a quiet street, but also allow easy reach for principal city sights; the metro and city tour bus stop are really close. Clean and large room with a great renovated bathroom. The staff are a wealth of knowledge about the nearby restaurants , side trips, which was was super helpful. The breakfast not only has lots of choice but the quality of the continental foods and drinks on offer was great. They also provide take away breakfast. No wireless internet in the rooms, only available in the lobby.","

My stay at this hotel was wonderfully comfortable, and a nice bonus was the classical music that emanated from the nearby opera school. Its location was excellent - on a quiet street while still being within easy reach of the major city attractions, as well as the metro and tourist bus stops. The room I stayed in was clean and spacious, with a nicely renovated bathroom. The staff were immensely knowledgeable about the restaurants in the area and nearby side trips, which was extremely helpful. Not only was there an abundance of choices for breakfast, the quality of the continental foods and drinks was superb. They even allowed guests to take away the breakfast. The only downside was that there was","nt a full-service gym.

I was so pleased with my experience at this lodging - it was incredibly comfortable and the concert hall next door playing classical music was a great bonus. Its location was fantastic - nestled in a peaceful neighborhood but still close to the major sights of the city, plus the metro and tour bus stops. The room was spotless and large, with a freshly updated restroom. The staff had comprehensive knowledge of all the local restaurants and day trips, so helpful! My breakfast selection was outstanding, with delicious continental treats, and they were even kind enough to let me take away the rest. The only thing that was missing was a complete fitness center.",0.620394123609266
