summ_type,split,example_id,summ_a,summ_b,nli_contrast_ent_score
ref,train,0,"This is an all suite hotel. The hotel is flawless. Around the holidays season, the hotel was well decorated for X-mas. There were lovely Palm trees and Christmas lights. This hotel is so close to the beach. This hotel is perfectly located for peace and quiet. The airport and Duval street is only a short shuttle away. Downtown is quite far away. The rooms are modern. The rooms have great size. The rooms have a lot of storage space. The beds are comfortable. The beds are super comfortable. The bathroom is pretty large. There is a nice vanity area. The staff were willing to help. The help was with a last minute late checkout request. The restaurant provides great food. The restaurant closes too early for us. The hotel has bikes to rent. Parking close-by can be very pricey. The price is per day. The elevators feel unsafe.",This hotel offers nothing but suites. The hotel is perfect. The hotel was festively adorned during the Christmas period. There were beautiful Palm trees and twinkling lights. The hotel is situated in a peaceful spot. The peaceful spot is just a short distance from the beach. The airport and Duval Street are only a short ride away via shuttle. Downtown is quite a distance away. The rooms are modern. The rooms are ample in size. The rooms have plenty of storage. The beds are cozy. The beds are extremely cozy. The restroom is fairly spacious. The restroom has a pleasant vanity area. The personnel were accommodating. They assisted with a late checkout request. The request came in at the last minute. The restaurant offers excellent cuisine. The restaurant shuts down too soon for us. The hotel provides bicycles. The bicycles are available for rental. Parking in the vicinity can be quite expensive. The expense is on a daily basis. The elevators do not feel secure.,0.9166666666666666
ref,train,1,The hotel has an enjoyable ambience. The hotel is great value for money. This location is great for accessing the great fun and action close-by. There is hustle-and-bustle noise from the street the hotel is located on. The rustic rooms here are a little small but really comfortable and clean. The beds are big. There was a thatched roof to the room. The thatched roof provided an airy feel. The room was not soundproof. The hotel provides great breakfast. The breakfast can be eaten above the garden. The breakfast can be taken away. The hotel does not provide private parking.,"The hotel has a pleasant atmosphere. The hotel is an excellent deal. If you're searching for an area with plenty of activities close by, this spot is ideal. It can get rather noisy due to the traffic on the street it is situated on. The accommodations in this rustic setting are cozy and spotless. The rooms are a bit cramped. The beds are quite large. The room had a thatched roof, giving it a breezy atmosphere. Unfortunately, it was not soundproof. The hotel offers an excellent breakfast. The breakfast can be enjoyed in the garden. The breakfast can be taken to go. The hotel does not offer any on-site parking. Unfortunately.",0.9629629629629629
ref,train,2,This is a really great place to stay. It's really quiet. The station is really close to the hotel. The station is located in an old monastery. The old monastery is set in beautiful gardens. The rooms in the hotel are spacious. The rooms in the hotel are clean. The rooms in the hotel have air conditioning. The food is available at the hotel. The food at the hotel is reasonably priced. The hotel lobby provides free wireless internet. You can borrow one of their laptops if needed.,This is an ideal spot to stay. It is very tranquil. The hotel is situated right near the station. The area is an old monastery. The area has stunning gardens. The hotel rooms are roomy. The hotel rooms are tidy. The hotel rooms are equipped with air conditioning. The cost of the food at the hotel is affordable. The hotel lobby offers complimentary wifi. You have the option of borrowing one of their laptops if needed.,1.0
ref,train,3,"If you're looking for a decent clean hotel, then this is the right one for you. It provides a pleasant and unforgettable experience. This is a nice location. You can see the Colosseum from the hotel. The Colosseum is less than a ten-minute walk away. The rooms in the hotel are nicely decorated. Some may find the bed small. The day staff spoke English. The hotel has a continental buffet breakfast. Good cappuccino is available on the roof terrace. The breakfast is tasty. The showers in the hotel bathrooms are small.","If you're in search of a tidy, respectable hotel, this is the one for you. It delivers a wonderful and unforgettable stay. This place is great. The Colosseum is visible from the hotel. The hotel is only a short distance away. The accommodations at the hotel are nicely adorned. Some may consider the bed to be on the smaller side. The personnel communicated. They communicated in English. The communication was on a specific day. The hotel offers a continental breakfast spread. The continental breakfast spread includes delicious cappuccino. The cappuccino can be enjoyed on the rooftop patio. The morning meal is delicious. The morning meal is especially delicious. The showers are in the hotel bathrooms. The showers are somewhat diminutive.",0.9655172413793104
ref,train,4,This is a great condo. The condo was comfortable. The condo was convenient. The condo was much nicer than staying in a hotel. It would be a shame. Not to come back again. The location of the hotel is perfectly situated on the lake. There is the option to rent boats down at Indian Point if needed. The views are fantastic. The staff at this hotel were really helpful. The staff at this hotel were super friendly and nice. The units face the lake. The units have large covered patios. You can enjoy your coffee on the patios. The only complaint is that the people in the room above were up all night long. The only downside to this hotel is the noise from the people in the room above.,This condo was an excellent choice. It was cozy. It was accessible. It was much more pleasant than a hotel stay. It would be a pity. Not to return. The hotel is conveniently located near the lake. There is the possibility of renting boats at Indian Point if desired. Spectacular sights. The personnel at this hotel were quite helpful. The personnel at this hotel were extremely friendly and pleasant. The apartments were situated overlooking the lake. The apartments had spacious balconies with roofs. The balconies were perfect for sipping coffee. The only issue with this hotel is that the people in the room above were making noise all night. That is the only negative aspect.,0.9375
ref,train,5,The room featured WiFi. The room featured Apple TV. The Apple TV was a great touch. The shower was excellent. Additionally (implies that this is an added detail or point) The pillows were pretty full. There was no refrigerator in the room. The staff at the hotel were polite. The staff at the hotel were accommodating. The sales manager that was contacted was efficient in response. The sales manager that was contacted was helpful with suggestions. There are great food options around the hotel. The breakfast in the connected restaurant was really great. The second floor of the hotel was recently refurbished. The second floor of the hotel is quiet.,"The room had WiFi. The room had Apple TV, which was a really nice addition. Furthermore, the shower was superb. (This sentence cannot be split into simpler components as it is already a simple sentence.) The pillows were quite plump. There was no fridge in the room. The employees at the hotel were courteous. The employees at the hotel were helpful. The sales manager was reached out to. The sales manager was quick to respond. The sales manager provided useful advice. The hotel's vicinity offers a variety of delicious food options. The breakfast served at the restaurant connected to the hotel was especially noteworthy. The hotel's second story was recently remodeled. The second story is tranquil.",0.9655172413793104
ref,train,6,"The hotel is a unique place to stay. Overall, the hotel is a unique place to stay. The location is pretty good. The location doesn't have great access to a subway line. There's mainstream shopping close-by. The theatre quarters are close-by. This adds to how good the location is. The shower was in the room. The shower was very modern. Most of the staff were friendly. The staff were friendly to guests. This hotel has a small restaurant. The restaurant provides superb food. The restaurant very proudly uses local and organic produce. The hotel has an archaic elevator. The elevator is a novelty.","This hotel offers a very unusual experience for its guests. In general, the hotel offers this experience. The spot is decent. It doesn't have a great connection to a metro line. The area is great. Mainstream shopping is nearby. The theater district is nearby. The shower was in the room. The shower was very up-to-date. Most of the personnel were amiable. The personnel were amiable toward visitors. This hotel features a tiny eatery. The eatery serves extraordinary cuisine. The cuisine is made with locally sourced and organic ingredients. The hotel has an old-fashioned elevator. The old-fashioned elevator is a fun feature.",0.9375
ref,train,7,Some would recommend the hotel to others. Some may not recommend the hotel to others. The hotel is ideally situated for transportation routes like the St. Charles line. The hotel is in walking distance of the Garden District. The hotel is a bit further to the French Quarter. The hotel has spacious rooms. The rooms are equipped with a kitchen. The rooms are very clean. The bathrooms are rather small. The shower was excellent. The staff at the hotel were incredibly helpful. The welcoming porters were particularly helpful. There is lots of great tasting food available to eat. The food is around this hotel. The hotel provides wristbands for entry into the premises. This is a pleasing security feature.,Some people may suggest the hotel to their friends and family. Others may not suggest the hotel to their friends and family. The hotel is conveniently located near the St. Charles line. The hotel is within walking distance of the Garden District. The hotel is a short distance away from the French Quarter. The hotel offers room accommodations. The room accommodations are roomy. The room accommodations come with a kitchen. The accommodations are spotless. The bathrooms are on the cramped side. The shower was superb. The personnel at the hotel were remarkably accommodating. The hospitable porters were especially accommodating. This hotel has a wide selection of food. The food is delicious. The hotel gives out wristbands for entrance to the building. It is a nice security measure.,1.0
ref,train,8,"This hotel makes for a pleasant stay. This hotel makes for a delightful stay. You wouldn't want to stay anywhere else. You are returning to Venice. The hotel is perfectly situated to get to great restaurants. It's close to water-ferry stations. The room in the hotel had a spacious, newly decorated bathroom. The room in the hotel was quiet in general. The rooms are decorated. The decoration has a respect for history. The breakfast was a little bit basic. It was still a good start to the day. There were continental-style yoghurts, cereals, etc. The hotel is great. The hotel is value for money.","This hotel provides an enjoyable experience. This hotel provides a delightful experience. You come back to Venice. There is no other place you would rather be. The hotel is conveniently located near some wonderful eateries. The hotel is in the vicinity of water-ferry stops. The hotel room was equipped with a large, newly renovated restroom. The hotel room was peaceful overall. The rooms are adorned. The adornment reflects an appreciation for the past. The morning meal was somewhat simple. It was still a great beginning to the day. The breakfast included continental-style yoghurts, cereals, and more. The hotel offers an excellent price point.",1.0
ref,train,9,"This is a decent place to stay. It will leave you feeling happy overall. Initially, there was a bit of a rough start here at the hotel. It is still a nice hotel. There is some peace and quiet at this hotel. The hotel is still quite close to the action. There are restaurants nearby. There is shopping nearby. The room was clean. The room had adequate disabled access. It may take a while to get access to the room. The staff here are okay. The staff here are mostly very helpful. They do enforce valet parking. Enforcing valet parking is a little offputting. Dinner at this hotel was really good. Dinner at this hotel was pleasing. There are other food options nearby. There is a restaurant that serves Italian food. There was a small outdoor patio. The patio overlooked the pool and other patios. This made it quite noisy. There are valet services available. There are parking services available.","This place is satisfactory. This place should leave you feeling content. At first, this hotel had a few hiccups. It is still a pleasant place to stay. This hotel offers a tranquil atmosphere. The hotel is not far from the hustle and bustle of restaurants and stores. The room was in good condition. The room had sufficient accessibility for disabled people. It could take some time to gain entry. The personnel at this location are satisfactory. The personnel at this location are generally quite accommodating. Valet parking is enforced. It can be a bit off-putting. I was delighted with the dinner served at this hotel. There are other dining choices in the vicinity. A restaurant that offers Italian cuisine is one of the options. The patio was small. The patio was unfortunately situated in a way that it overlooked the pool and other patios. It was quite loud. Valet services are offered. Parking services are offered.",1.0
ref,train,10,The hotel is nicely located in a quiet canal street. It is only walkable distance to many interesting places. Some of these interesting places include Dam Square and Anne Frank's House. The room is quite small. The view of the canal was wonderful. You should try to request a large room. The small room did have a big enough bathroom. The staff at the reception were rude and not very helpful. The staff at the breakfast area were rude and not very helpful. The price of breakfast is reasonable. The quantity of food in breakfast is very limited. The food in breakfast tasted funny. The shower was scalding. The scalding was dangerous.,"The hotel has a great spot on a tranquil canal street. The hotel is within walking distance of many interesting sites. The interesting sites include Dam Square and Anne Frank's House. The space was rather cramped. The outlook of the canal was stunning. Although the space was rather cramped, the outlook of the canal was stunning. You should consider asking for a bigger room. The smaller one had a sizable bathroom. The employees at the front desk were impolite and not very accommodating. The employees at the morning meal area were impolite and not very accommodating. The breakfast was priced reasonably. The breakfast had a small amount of food. The flavor of the breakfast was off. The shower was hot. The hotness of the shower was dangerous.",1.0
ref,train,11,It is really recommended. It is recommended to anyone. This hotel is well-maintained. This hotel has good facilities. This hotel has an upscale but cozy vibe. This hotel has a lovely courtyard and pool. This hotel sits in a perfect location. It is in walking distance to all the key landmarks. The rooms are clean. The bed is super comfortable. The only issue was the shower in the bathroom. The shower would spray outside the stall. The service was outstanding in general. The staff at this hotel are helpful. The staff at this hotel are professional. There were some small teething problems. The housekeeping staff don't work after midnight. The hotel offered chocolates and gingersnaps in the lobby. The hotel offered free breakfast. There is a lovely pool area. Valet parking should be provided.,It is highly suggested. Everyone should try this. This hotel has been kept in excellent condition. The hotel offers a luxurious yet comfortable atmosphere. There is a beautiful courtyard. There is a swimming pool. This hotel is situated in an ideal spot. The hotel is within walking distance to all the important attractions. The chambers are spotless. The mattress is extremely comfortable. The only problem was the shower in the bathroom. The shower would cause water to go outside the shower area. The service provided here at this hotel was remarkable. The staff are both friendly and competent. There were some minor issues to work out. The housekeeping staff does not work past midnight. The hotel provided guests with complimentary chocolates and gingersnaps in the lobby. The hotel provided guests with a complimentary breakfast. The pool area was delightful. Valet service should be offered.,0.926829268292683
ref,train,12,It is a hotel. The hotel is located in Europe. The hotel is charming. The hotel is situated on the River Arno. The hotel is in a quiet locale. The hotel rooms were well decorated. The hotel rooms had fully functioning air conditioning. It was a room with a view. It was definitely a room with a view. The staff at this hotel are really great. The manager was really knowledgeable for local outings. They all work hard. Their goal is to please and meet your needs. You can access the internet via a computer in the hotel lobby. This is a free option. There is a great hotel balcony. It was lovely to sit on. It was great for watching the world go by.,This hotel is located in Europe. The hotel has a lot of charm. The hotel is located by the River Arno. It is a peaceful spot. The hotel rooms had a nice decor. The air conditioning was in good working order. It had an impressive outlook. The personnel at this hotel are fantastic. The manager was extremely well-informed about nearby activities. They all strive to satisfy your requirements. They all strive to accommodate your requirements. You can utilize the internet for free. You can use a computer located in the hotel lobby. It was a pleasure to take a seat on the wonderful hotel balcony. We could observe the hustle and bustle of the world from the balcony.,1.0
ref,train,13,The hotel is ideal for a boisterous and young crowd. The hotel is ideal for a girl's trip. The hotel is close to bus routes into the city. The hotel is a good change of place to stay from the downtown alternatives. The hotel is located in the centre of Lincoln Park. There are restaurants in the area. There is a good nightlife in the area. The hotel itself is located on Clark Street. Clark Street is a shoppers' delight. The hotel has double beds in the single rooms. This is great for one or two people. The rooms are very clean. The drain in the shower needs some attention. The hotel provided a good breakfast to guests. The hotel has good security. Your key card is needed to gain access to elevators or stairwells. There is free WiFi provided. There was some street noise. The street noise was not loud enough to cause concern. It is worth mentioning. It is difficult to park for the valet out front of the hotel.,This hotel is perfect for a lively and youthful group. This hotel is perfect for a ladies' getaway. The hotel is conveniently located near bus routes into the city. It is a great alternative to the downtown lodging options. The hotel is situated right in the heart of Lincoln Park. There are plenty of restaurants nearby. There is an exciting night life nearby. The hotel is situated on Clark Street. Clark Street is a great place for shopping. The single rooms in the hotel feature double beds. The rooms are an ideal choice for one or two people. The rooms were spotless. The shower drain requires some work. The hotel offered breakfast to its patrons. The breakfast was delicious. The hotel has strong safety measures in place. Your key card is required to use the elevators or stairwells. WiFi is available. There is no cost for the WiFi. The sound of the street could be heard. It was not loud enough to be a problem. It is worth noting that there is a challenge in finding a spot for the valet to park. The challenge is at the front of the hotel.,0.9772727272727273
ref,train,14,The hotel is beautiful. The hotel is expensive. There are normally a lot of guests at the hotel. The hotel is popular. The rooms in the hotel are comfortable. The rooms come equipped with a DVD player. The service was truly exceptional. The staff were always pleasant. The hotel did not provide much selection of food. The hotel did not provide anything that was really fresh. The hotel has signature peanut shells on the floor. The peanut shells on the floor are a slipping hazard. The toilets are around the corner. The toilets are below Singapore standards.,The hotel is attractive. The hotel is costly. The hotel is usually well-attended. The hotel's popularity is the reason for its attendance. The lodgings in the hotel are cozy. The lodgings come with a DVD player. The staff provided an outstanding level of service. The staff were consistently friendly. The hotel had limited options for food. Nothing that was particularly fresh was available. The hotel has distinctive peanut shells scattered across the floor. The peanut shells can create a slipping hazard. The lavatories are located near the corner. The lavatories do not meet Singapore's requirements.,1.0
ref,train,15,"This hotel gives a mix of luxury. This hotel gives an odd unsafe feeling. The location was fine. It is on the outskirts of downtown. It is close to everything you need. It is steps away from Eaton Centre, Yonge Street, and great shopping areas. The main location is ideal. The blocks surrounding it aren't ideal. The hotel staff provided local recommendations. The local recommendations were great. The hotel staff was pleasant. The food here is okay. There are hot and cold options for breakfast buffet. It is worth checking restaurants across the road. This hotel provides so many amazing additions. There is a nice swimming pool with hot tubs and locker room facilities. There is a beautiful roof top space with plenty of seating. There is complementary internet access. The only downside is the expensive underground parking.","This hotel provides a luxurious atmosphere. The atmosphere is somewhat disconcerting. The place was satisfactory. It is situated just outside of the city center. There is easy access to the Eaton Centre, Yonge Street, and a variety of shopping options. The area around it is not ideal. Nevertheless, it still exists. The hotel personnel kindly gave suggestions. The suggestions were terrific. The suggestions were about the area. The food here is satisfactory. There are hot and cold choices available at the breakfast buffet. It may be beneficial to examine eateries. The eateries are on the other side of the street too. This hotel offers a great range of amenities. There is a swimming pool with hot tubs and changing rooms. There is a stunning rooftop terrace with plenty of seating. Free Wi-Fi is available. The only drawback is the costly subterranean parking.",0.9473684210526315
ref,train,16,The hotel was attractive. The hotel was clean. The hotel is situated next to the train station. The hotel is situated next to the fire department. This can make it noisy. There are lots of bars nearby. The hotel rooms are clean and comfortable. The hotel rooms may need a slight touch up and redecoration. The room had good disabled access. The bath had good disabled access. The hotel provides a free breakfast buffet in the morning. The hotel provides free hot drinks all day. The free breakfast buffet and hot drinks are popular with families staying. The hotel is close to Rock Bottom Brewery. Rock Bottom Brewery serves really good food. The hotel can provide early check-in. Waiting later can be avoided. It was a nice gesture.,The hotel was visually pleasing. The hotel was well-maintained. The hotel is located close to the train station. The hotel is located close to the fire department. The proximity to these locations can cause a lot of noise. There are numerous drinking establishments. They are close by. The hotel rooms are spotless and cozy. The hotel rooms could use a bit of updating and refurbishing. The space had excellent accommodations for those with disabilities. The bathroom had excellent accommodations for those with disabilities. The hotel offers a complimentary breakfast spread in the morning. The hotel offers complimentary hot beverages throughout the day. The complimentary breakfast and hot beverages are a hit with families who are staying there. The hotel is nearby Rock Bottom Brewery. Rock Bottom Brewery offers delicious cuisine. The hotel offered an early check-in. The hotel did not make us wait until a later time.,0.9166666666666666
ref,train,17,The hotel has all the modern conveniences. The hotel is set out in a classical style. It's super easy to access the city centre from this hotel. This hotel is great for location. Some rooms at this hotel are very elegant and quiet. The beds in these rooms are comfortable. There is even a fireplace in some of these rooms. The shower was great. The walls are really thin. The hotel provides car service. The hotel provided some great food. Every dish tasted great. The taps on the sinks were pretty tight. It is an older building. There seemed to be no soundproofing.,"The hotel is decorated in a traditional manner. The hotel offers all the contemporary amenities. This hotel is in an ideal spot. It is very simple to get to the city centre. It is a great choice for its location. This hotel offers some of the most luxurious and tranquil rooms. The rooms feature comfortable beds. The rooms feature a fireplace. The shower was really enjoyable. The walls are quite thin. The hotel offers a car service. The hotel's cuisine was excellent. Each item was delicious. The faucets on the sinks were quite difficult to turn. Due to the age of the building, there appeared to be no insulation to block out sound.",1.0
ref,train,18,This is overall a really great hotel. It is a bit pricey. It could be quite disturbing if you stay on the front of the hotel. The disturbance is due to the horns from the street. The location of this hotel is absolutely great and central. You can walk to many shops. You can walk to Gaudi's Casa Batllo. You can walk to la Pedrera. The metro station is really close. A standard room at this hotel is smaller than expected. Most of the space is taken by the huge but very comfortable bed inside. The bathrooms were outdated. The bathrooms need some updating. The room service was overpriced. The hotel's breakfast is not worth the money. The lifts were a bit inconvenient. There are only two of small and infrequent ones. Requesting a lift takes a long time. The rooms facing courtyard at the back are quieter. The ones to the front are not as quiet.,"This hotel is really good. It does come at a cost. It could be quite unsettling if you remain at the front of the hotel. The horns are blaring from the street. This hotel is in a wonderful spot. The hotel is right at the heart of the city. It's within walking distance of plenty of shops. It's within walking distance of Gaudi's Casa Batllo. It's within walking distance of La Pedrera. The subway stop is very nearby. The bed inside a standard room at this hotel is quite large and comfortable. The room is smaller than anticipated. The size of the bed takes up most of the space. The bathrooms were outdated. The bathrooms required some renovations. The cost of the room service was high. The hotel's breakfast was not worth the cost. Sadly, the breakfast was not worth the cost. The elevators were somewhat inconvenient. The elevators required a long wait. There were only two elevators. The elevators were small. The elevators were infrequent. Rooms located at the rear of the courtyard are more tranquil. Rooms located at the front are less tranquil.",0.8444444444444444
ref,train,19,The hotel had a spa. The hotel had pools. The spa and pools made it a relaxing time during the stay. The hotel was clean. There were figures made of ice to see. The beach was beautiful. The water was too cold for swimming. The room was spacious. The bed was comfortable. The bathroom was quite small. The staff was friendly. The staff was helpful. They provided great recommendations for local restaurants. The location was convenient for exploring the city. The noise from the street was quite loud. The hotel is ideally located. The location is great for exploring local restaurants and bars in the area. The room was large. The room featured a flat-screen high-definition television. The hotel room was always very clean. Toiletries were always provided upon asking. The price of the food is quite off-putting. They could improve what they offer. Despite being fairly pricey. There were really stunning atria. There was various wildlife to see.,"The hotel provided an atmosphere of relaxation. The hotel had a spa. The hotel had pools. The stay was pleasant. The hotel was spotless. There were sculptures made of ice to admire. The hotel is in an ideal spot. There are nearby eateries and pubs to check out. The room was spacious. The room had a flat-screen HDTV. The accommodation was always spotless. Toiletries could be requested at any time. The cost of the food is quite unappealing. They could enhance the selection they provide. The atria were quite beautiful. The atria had a variety of wildlife to observe. Despite their cost, the atria were beautiful.",0.813953488372093
ref,dev,20,"The hotel has conference rooms available. The conference rooms can be rented out for conferences and corporate events. The location of this hotel makes it easy to access restaurants. The location of this hotel makes it easy to access the river. The location of this hotel makes it easy to access shops. The rooms are a good size. The rooms are well decorated. The bathroom in the hotel was large. The bathroom in the hotel had a large bathtub. Small touches like a chocolate on the pillow are nice. The hotel has a roof terrace. The roof terrace is for drinks. The hotel is missing the availability of a pool. Unfortunately, the hotel is missing the availability of a pool.",The hotel offers conference spaces. The conference spaces can be rented for conferences and corporate gatherings. This hotel is conveniently situated. It is close to restaurants. It is close to the river. It is close to shops. The rooms have a pleasant amount of space. The rooms are attractively arranged. The bathroom in the hotel was spacious. The bathroom featured a sizable bathtub. Adding a small treat such as a chocolate on the pillow. It is a nice gesture. The hotel has a rooftop bar. The rooftop bar serves beverages. The hotel does not have a pool.,1.0
ref,dev,21,This is a hotel. It is located in an excellent place. It is perfect to walk to the entertainment district. It is perfect to walk to pubs and restaurants. Rooms on the higher floors are excellent. They can provide a great view. The room itself is of a lovely quality. The room even had a full kitchen. The full kitchen is incredibly useful. The hotel offers a complimentary breakfast. The breakfast was really good.,This hotel is situated. The location of the hotel is prime. It is ideal to take a stroll to the area of entertainment. There are bars and eateries in the area. Rooms located on upper levels are ideal. They offer a spectacular view. The room was of excellent quality. The room had a full kitchen. Having a full kitchen was a great benefit. The hotel offers free breakfast. The breakfast was incredibly tasty.,1.0
ref,dev,22,"The hotel has a level of homely comfort. Sometimes, it lacks small personal touches. The hotel is connected to a subway. The hotel sits above the Pacific Place shopping mall. It can take a while to travel to the business district. The rooms are really modern. The rooms are lacking in style. The rooms are lacking in space. The hotel has a cafe that provides lunch. The lunch was really expensive and equally as disappointing. You can get drinks from the bar that's in the foyer. The hotel had good facilities available. There was a gym. There was a pool.","The hotel provides a cozy atmosphere. The hotel may be missing small, intimate details. It is accessible by subway. It is located above the Pacific Place shopping mall. It may take some time to get to the business district. The rooms have a contemporary look. The rooms are not very aesthetically pleasing. The rooms are quite cramped. The hotel has a cafe that offers lunch. The lunch was both pricey and unsatisfying. You can purchase drinks from the bar located in the lobby. On the other hand, implies a contrast or alternative option. The hotel had a range of amenities. The amenities included a gym. The amenities included a swimming pool.",0.9655172413793104
ref,dev,23,"The hotel was clean. The hotel was reasonably priced. The hotel needs a makeover. Some of the charges should be lowered to improve it. This hotel is located in a really great area. The area has a handy walk to the shopping area and restaurants. There is a convention centre nearby. The rooms are spacious. The rooms are flawlessly clean. Everything is available that you could possibly need. The bed was unbelievably comfortable. The bed provided a great night's sleep. The hotel is a little bit outdated. The hotel is in need of a bit of an upgrade. The hotel had an expensive breakfast. Overall, the food is great. The pool at the hotel is open for a good amount of time for guests. There is parking available. The parking is a bit expensive. The hotel can help out with the parking.",The hotel was tidy. The hotel was reasonably priced. The hotel could benefit from a revamp. The prices could be reduced to make it more attractive. This hotel is situated in a superb location. It is a convenient stroll to the shopping district and eateries. There is a convention centre in close proximity. The rooms are roomy. The rooms are immaculately tidy. The rooms have all the amenities you could possibly require. The bed was incredibly cozy. The bed gave a fantastic night's rest. The hotel could use some modernizing. The hotel is somewhat old-fashioned. The breakfast at the hotel was pricey. The food was excellent in general. The hotel has a pool. The pool is available for extended periods of time for visitors. The hotel can provide assistance with the costly parking. It is an additional expense.,1.0
ref,dev,24,"This hotel is greatly loved. The hotel is well kept. The hotel is comfortable. Everything you could need in terms of shops and restaurants are really close to this hotel. The hotel is superbly located. There are plenty of attractions. There is a theatre and cathedral just around the corner. Additionally, the attractions are nearby. The view from the luxurious room was really nice. The view was overlooking the courtyard. The view was nice when it was sunny. Rooms can accommodate four people. The rooms are still comfortable. The rooms are really clean. The doorman was always at the entrance of the hotel to greet guests. The great staff were very welcoming. There was a buffet for breakfast. The food provided was great-tasting. There is a great outdoor dining area. The outdoor dining area was well-suited for eating lunch. Additionally, the outdoor dining area was well-suited for eating lunch. There were toiletries available at this hotel. The toiletries were really great. The price was really reasonable. The hotel is comfortable and elegant.","This hotel is much cherished. The hotel is well-maintained. The hotel is cozy. The proximity of the hotel to a variety of stores makes it an ideal location. The proximity of the hotel to a variety of eateries makes it an ideal location. There are numerous sights to see nearby. The nearby sights include a theater and cathedral. In addition, the nearby sights include a theater and cathedral. The scenery from the opulent room was very pleasant. The opulent room looked out onto the courtyard. The sun was shining. The rooms can hold up to four people. The rooms provide a cozy and spotless atmosphere. In addition, these two features are available. The doorman was stationed at the hotel entrance to welcome guests. The staff were very hospitable. A spread of delicious food was available at breakfast. There was a pleasant outdoor space. It was perfect for having lunch. This was in addition to other features (not specified in the sentence). This hotel had toiletries on offer. The toiletries were excellent. The cost was very reasonable. The hotel is luxurious and stylish.",0.9795918367346939
ref,dev,25,"The hotel is great. The hotel provides a safe place to stay. It is a favorite. It is a favorite with guests. The hotel is close to the metro line. The hotel is close to Rembrandt Square. The hotel is away from the louder tourist areas. The room was quite small at this hotel. The room was quite modern and clean. Everything was wheelchair-accessible, which was fantastic. There was no shower curtain. The bathroom floor was somewhat wet. The staff were at the front desk. The staff were unhelpful to guests. The hotel provides a fantastic selection of food. The food is in their seafood bistro. The WiFi is in the hotel lobby. The WiFi in the hotel lobby is very slow. The carpet was dirty. The exterior of the hotel is noisy and overcrowded.",The accommodation at the hotel is excellent. The hotel offers a secure environment for visitors. Many guests enjoy it. The hotel is situated near the metro line. The hotel is situated near Rembrandt Square. The hotel is far from the noisier tourist spots. The hotel had a cramped room. The room was up-to-date. The room was spotless. The accessibility for wheelchairs was great. The lack of a shower curtain meant the bathroom floor was a bit damp. The personnel were at the reception. The personnel were not accommodating to visitors. The hotel has a seafood restaurant. The seafood restaurant has an amazing array of dishes. The WiFi is in the hotel lobby. The WiFi is running at a sluggish speed. The carpet was grubby. The outside of the hotel was loud and packed.,1.0
ref,dev,26,This is a great hotel. The hotel is little. It isn't a full-on resort. It was nice all the same. There are many things to do. They are within walking distance. The hotel rooms are smaller. The hotel rooms are clean. The hotel rooms are furnished well with antiques for some charm. The breakfast was at the hotel. The breakfast was adequate. The coffee was great. There were some items missing. There was a run-down feel here. The carpeting did not help. The atmosphere was worn-down. The elevators weren't that big. A surfboard could not even fit in it.,This is a small hotel. This hotel is excellent. It may not have been a luxurious resort. It was still pleasant. There are numerous activities. The activities can be done within a short stroll. The hotel rooms may be on the smaller side. The hotel rooms are tidy. The hotel rooms are tastefully decorated with vintage pieces. The vintage pieces add a touch of character. The hotel provided breakfast. The breakfast was satisfactory. The coffee was superb. There were a few things absent. The atmosphere was rundown. The carpeting was present. The ambiance was dilapidated. The carpeting did not improve the ambiance. The elevators weren't very spacious. A surfboard would not be able to fit inside.,1.0
ref,dev,27,The hotel is tranquil and clean. It is an enjoyable place to stay whilst in Rome. The hotel is close to a number of local restaurants. The hotel is close to the busier areas of Rome. The rooms in the hotel are adequate. The bathrooms are spacious. The staff leave a chocolate on the beds. They do this each night. This is for their guests. The buffet breakfast was very good. The hotel's corridors were quite plain. The corridors could benefit from some decoration. The free Wi-Fi worked well. The Bulgari toiletries smelled lovely.,The hotel is peaceful. The hotel is spotless. The hotel is altogether a pleasant place to stay while in Rome. The hotel is situated near various eateries. The hotel is situated near the livelier parts of Rome. The hotel's accommodations are satisfactory. The bathrooms are roomy. The personnel place a piece of chocolate on the beds of their customers. This happens each evening. There was a spread of food. The spread was at the breakfast buffet. The spread of food was excellent. The hallways of the hotel were rather plain. The hallways could use some adornment. The Wi-Fi connection was efficient. The Bulgari toiletries had a pleasant scent.,1.0
ref,dev,28,The hotel provided a great stay. The hotel is really recommended. The hotel is closely located. The hotel is located to Giotto's Campanile. The rooms in this hotel are really great. The rooms in this hotel are quite spacious. There was outside noise from the bells in the morning. It was difficult to navigate the hotel. The difficulty was due to the floor layout.,The hotel gave an excellent stay. The hotel is impeccable. The hotel is highly suggested. The hotel is in close proximity to Giotto's Campanile. This hotel has some really terrific rooms. The rooms are quite roomy. The bells in the morning created some noise. The noise was from outside. It was challenging to find one's way around the hotel. The floors were laid out in a confusing way.,1.0
ref,dev,29,This is a great place for a short stay. It will likely make you want to come back again. The hotel is not central. The area is quite safe. The location is pretty good. The rooms are in the hotel. The rooms are modern. Some of the hotel's staff seemed disinterested. There was an incident at the hotel. The staff did not help with the incident. You can get a complimentary coffee from the barista. It is worth mentioning. There is a coffee machine supplied here. The coffee machine is fine. The parking is available at the hotel. The cost of parking is 12 a night.,This is an excellent location. It is suitable for a brief visit. The visit will likely have you wanting to return. The hotel is not in a prime location. The region is secure. The spot is quite favorable. The hotel has rooms that are up-to-date. Some of the hotel's personnel appeared to be apathetic. They were not assisting with an occurrence at the hotel. The barista will provide you with a free coffee. It is noteworthy. A coffee machine is provided here. The coffee machine is satisfactory. The fee for parking at the hotel is 12 dollars. The fee for parking at the hotel is per night.,0.9354838709677419
ref,test,30,"The hotel is decent. It is a great choice if looking for a cheap, clean, and secure place to stay. The hotel is close to the Grand Bazaar. The hotel is close to the Blue Mosque. The hotel is close to the tram lines for transport around the city. The rooms are pretty comfortable. This room in particularly constantly had smoke blowing up from the lobby. The staff is at the hotel. The service provided by the staff was good. The hotel had breakfast included. The price of the stay included breakfast. One thing to note with the hotel is that there is only a one way transfer. You will have to pay for either the pick up or the drop off to the airport.","This hotel is a good option. You're looking for an affordable, tidy, and safe place to stay. The hotel is located near the Grand Bazaar. The hotel is located near the Blue Mosque. The hotel is located near the tram routes that provide transportation throughout the city. This room is notably more comfortable than others. There is constantly a stream of smoke coming up from the lobby. The personnel at the hotel provided service. The service provided by the personnel at the hotel was excellent. The cost of the hotel stay included something. The included thing is a complimentary breakfast. The hotel only offers a one-way transfer service. You will have to cover the cost of either the pick up or drop off to the airport. It is important to keep in mind.",0.9629629629629629
ref,test,31,The facilities of this hotel are really great. It's one of the most enjoyable stays. The location of the hotel was rather disappointing. It is not a very scenic area of Hong Kong. The hotel's rooms are adequate. The hotel's rooms are perhaps a little darkly lit. The rooms are clean and quiet. It is worth booking a room on the Club floor for a more updated room. The staff find nothing to be too much trouble. The buffet breakfast is absolutely amazing. The buffet breakfast is really varied. The restaurant provides some really good food. The food is worth trying. The hotel has a bi-hourly bus shuttle service available to guests. It is not worth getting a hotel with a pool. The climate is often not suitable for swimming.,"This hotel has amazing amenities. It is one of the most pleasant places to stay. The hotel was situated in an unappealing spot. The hotel was not in a particularly picturesque part of Hong Kong. The hotel's accommodations are satisfactory. The lighting may be a bit dim. The rooms are spotless and serene. Reserving one on the Club floor is a good option if you are looking for a more up-to-date room. The staff are willing to do whatever it takes. The spread of food available for breakfast is incredibly impressive. It offers a wide variety of options. The eatery has some scrumptious cuisine. The cuisine is worth sampling. Furthermore, the eatery has this cuisine. The hotel offers a bus shuttle service. The shuttle runs every two hours for guests. Staying in a hotel with a pool is an idea. The weather may not be suitable for swimming.",0.8823529411764706
ref,test,32,"The hotel is unique. The hotel provides a unique and unforgettable experience. It is highly recommended for the convenience and friendliness here. The location is superb. It had absolutely in the center of everything you could need. The hotel rooms are decorated sophistically. The TV was very small. The service was exceptional. Every member of staff on front of house were super polite, courteous, and thoughtful. Brasserie Jo is a restaurant attached to the hotel. The food at Brasserie Jo is delicious. The atmosphere at Brasserie Jo is charming. The service at Brasserie Jo is the best. There is a gym in this hotel. The gym is good. It is on the fifth floor. It features some cardio machines.",The hotel offers a one-of-a-kind experience. The hotel offers an unforgettable experience. It is highly recommended for its convenience. It is highly recommended for its welcoming atmosphere. The spot is excellent. (There is no need to split this sentence as it is already a simple sentence.) It was situated in the middle. All that was necessary was nearby. The hotel rooms had a sophisticated decor. The television was quite petite. The service was outstanding. Every employee in the customer-facing area was incredibly polite. Every employee in the customer-facing area was gracious. Every employee in the customer-facing area was incredibly considerate. Brasserie Jo is an eatery connected to the hotel. The cuisine at Brasserie Jo is delectable. The ambiance at Brasserie Jo is pleasant. The service at Brasserie Jo is superb. This hotel has a gym. The gym is excellent. It is located on the fifth level. It has some cardio equipment.,0.9487179487179487
ref,test,33,"The hotel is highly recommended. You will want to come back to the hotel. The hotel is definitely five-star. The hotel is only a minute from the beach in one direction. The hotel is only a minute from the beach in the other direction. The hotel has a rooftop pool. The rooftop pool has a view of the sea. The hotel is located near to the Port Olympic. The hotel is located near to Barcelonetta. There is a fitness park. The fitness park is a two minute walk away. The hotel room had a good bathroom. The pillows and linen were a bit uncomfortable. The bed was a good size. There was a large TV. There was WiFi. The room was spacious. The room was clean. The room had a sea view. The food was really good here. The breakfast was especially good. Sometimes the restaurant did not open for dinner. The chef would be flexible for a small party, which is great. The pools were a great addition to this hotel. The fitness centre was also a great addition to this hotel. There's a Jacuzzi on the rooftop. It was really fun.","It is strongly suggested that you stay at this hotel. The hotel offers a five-star experience. The experience will make you want to return. The hotel is located a mere minute away from the beach in one direction. The hotel is located a mere minute away from the beach in the other direction. The hotel features a rooftop swimming pool. The rooftop swimming pool has a scenic outlook of the ocean. The hotel is situated close to Port Olympic. The hotel is situated close to Barcelonetta. It is possible to reach a fitness park. The fitness park is within two minutes by walking. The bathroom in the hotel room was satisfactory. The pillows and sheets were not as comfortable as desired. The bed was of a satisfactory size. There was a sizable television. There was internet access and so forth. The room was spacious. The room was tidy. The room boasted a stunning view of the ocean. The edibles served here were particularly delicious. The morning meal was especially delicious. Occasionally, the eatery would not be available for dinner. The cook would be accommodating for a small gathering, which is wonderful. The pools were a fantastic addition to the hotel. The fitness centre was a fantastic addition to the hotel. The rooftop had a Jacuzzi. It was a blast.",0.9629629629629629
ref,test,34,The hotel was great. The hotel comes highly recommended. The hotel is close to transport networks. The rooms were modern. The rooms were really clean. What really stood out was the thermostat. The thermostat controls the heat and coolness of the room. The hotel provided a complimentary breakfast. The breakfast was substandard. The hotel has a thermostat control.,The hotel was excellent. The hotel is worthy of a high recommendation. The hotel is situated near public transportation routes. The accommodations were contemporary. The accommodations were exceptionally tidy. The thermostat regulated the temperature of the room. The thermostat was especially noteworthy. The hotel provided a free breakfast. The free breakfast was not up to standard. The hotel has a temperature regulator.,1.0
ref,test,35,It's a good hotel. I would definitely recommend it. I would return for another stay. The hotel is located in the old quarter of Istanbul. The location of the hotel is perfect. The hotel is within minutes of the Blue Mosque. The hotel is within minutes of the Grand Bazaar. The hotel is within minutes of many other traditional and historic places in Sultanahmet. The rooms here are cosy. The rooms here are on the small side. The rooms here are always very clean. The rooms here are comfortable enough. The staff were knowledgeable. The knowledge was about the local area. The breakfast was fit for a king. It is definitely recommended. There was nothing not to like. Breakfast was on an open terrace. The hotel provides complimentary internet access. The internet access is in the reception.,I would highly suggest this hotel. I would absolutely come back for another visit. The hotel is situated in an ideal spot. The spot is in the historic district of Istanbul. The hotel is located close to the Blue Mosque. The hotel is located close to the Grand Bazaar. There are numerous other traditional and historic sites in Sultanahmet that are close to the hotel. The rooms here are snug and somewhat cramped. The rooms are always spotless. The rooms are sufficiently cozy. The personnel had a good understanding. The understanding was of the vicinity. The breakfast was sumptuous. The breakfast could have been served to a monarch. The breakfast is highly recommended. Everything about it was enjoyable. Having breakfast outside on the terrace was especially enjoyable. The hotel offers free internet connection. The free internet connection is available in the lobby.,0.9743589743589743
ref,test,36,"The price of staying at this hotel was reasonable. The hotel is located in the city centre. The hotel is located right next to a canal. The rooms of the hotel can be small. The beds in the rooms can be little. The rooms are good value. The rooms are clean and well furnished. The continental breakfast was a bit limited. The breakfast tasted great. The breakfast was provided by the hotel for free. The hotel provided free internet access. However, be warned of the steep stairs. If you have heavy luggage. The hotel is gay friendly. There are homosexual pornographic materials left out in public areas.","The cost of lodging at this hotel was fair. The hotel is situated in the downtown area. The hotel is directly adjacent to a waterway. The accommodation in the hotel may be cramped. The beds in the hotel may be tiny. The rooms offer a great deal. The rooms are immaculate. The rooms are tastefully decorated. The selection of food at the continental breakfast was somewhat limited. The food was of excellent quality. The breakfast was provided complimentary by the hotel. The hotel gave out free internet service. If you have a lot of baggage, be aware. The stairs are quite steep. The hotel embraces and welcomes people of all sexual orientations. There are explicit homosexual pornographic materials located in open spaces.",1.0
ref,test,37,"The hotel is situated about five minutes away from the airport. The hotel offers a free shuttle service to the downtown area. The shuttle service departs at twenty minutes past the hour. The suite has two bedrooms. The suite is located in a hotel. The suite was stunning and really impressive. There were lots of nice features. The features included granite worktops, marble flooring, and stainless steel appliances for guest use. The bathroom featured Jacuzzi tubs and a really big walk-in shower. The breakfast passes only included the fruit. The breakfast passes only included the bread. The parking facility at the hotel cost $18 which is expensive. The water at the hotel was discoloured and riddled with seaweed.","The hotel is located a short distance from the airport. The hotel provides a complimentary shuttle to the city center. The shuttle runs every twenty minutes. The hotel has a two-bedroom suite. The two-bedroom suite is absolutely breathtaking and truly remarkable. The house was outfitted with a variety of luxurious amenities. The amenities include granite countertops, marble flooring, stainless steel appliances, a Jacuzzi tub, and a spacious walk-in shower in the bathroom. The breakfast passes only included fruit items. The breakfast passes only included bread items. The parking at the hotel was quite expensive at a cost of $18. The water was not very appealing. The water was discoloured. The water had seaweed in it.",0.9615384615384616
ref,test,38,This hotel is lovely and charming. The hotel can be busy during September time. This hotel is nicely located in a quiet neighborhood. This hotel is close to the best things to do in Venice. The rooms were clean. The rooms seemed more like a dorm than a hotel room. You need to spend an extra 20 euro. The extra 20 euro is for an upgrade. The owners are very friendly. The breakfast is basic here. The breakfast area is quite small. It gets filled up fast. There are lots of places nearby. The staff will even make a reservation for you. The local boat trip to Murano is worth it. The advice would be to go on the normal boat.,This hotel is delightful and attractive. The hotel can be bustling during the month of September. The hotel is situated in a peaceful area. The hotel is still close to the top attractions of Venice. The space was tidy. It had the feel of a college dormitory rather than a hotel room. You need to put in an additional 20 euro. The additional 20 euro is for a better version. The proprietors were amiable. The proprietors were exceedingly amiable. The breakfast offered here is simple. The breakfast area is quite small. The breakfast area fills up quickly. There are plenty of other places nearby. The staff is willing to make a reservation for you. Taking a journey by boat to Murano is a worthwhile experience. It is recommended to go on the standard boat.,1.0
ref,test,39,The hotel is a tranquil escape. The Old Town is bustling. It is decorated in a modest fashion. It is decorated in an antiquated fashion. You can ask at this hotel. You can get an amazing room. The room has a sea-view. The bathroom seems updated. The bathroom features a really great pressure shower. The breakfast was continental-style. The breakfast was served on the rooftop terrace. There are great views at this hotel. They have slippers available. The slippers are comfortable. The slippers don't feel cheap. This is an additional positive aspect.,The hotel provides a peaceful retreat. The Old Town is characterized by hustle and bustle. It is adorned. It is adorned in a humble way. It is adorned in an old-fashioned way. It is adorned in a humble and old-fashioned way. If you inquire at this hotel. You can obtain a terrific room. The room has a view of the ocean. The bathroom looks modern. The shower has excellent water pressure. The meal was served on the rooftop terrace. The meal was a real treat. The meal had a continental flair. This hotel has amazing scenery. It was discovered that the slippers are incredibly comfortable. The slippers do not give off a low-quality vibe.,0.9393939393939394
ref,test,40,"The hotel is good value for money. The location is central. The location is close to the City Hall. There is a Burger King nearby. There is a 7 Eleven convenience store nearby. The rooms in the hotel were clean. The decor was a little outdated. The rooms were too cold. The buffet breakfasts in this hotel are absolutely superb. The buffet dinners in this hotel are absolutely superb. There is even an a la carte lunch option. There is a great bar on the ground floor. The bar serves really good tasty food. The internet provided at the hotel was of poor quality. The internet was unreliable. You had to put a down-payment just to connect. There is a pool here at the hotel. The pool is really clean and of good quality. However, there may be other factors to consider.","The hotel is economical. The hotel is especially economical. The spot is in the heart of the city. The spot is not far from the City Hall. There is a Burger King in the vicinity. There is a 7 Eleven in the vicinity. In addition, both of these are nearby. The hotel rooms were tidy. The style of the decor was a bit out of date. The temperature was too low. The food offered at the hotel's buffets for breakfast and dinner is outstanding. There is an  la carte lunch option. There is a fantastic bar on the lower level. The bar serves delicious food. If that wasn't enough (implies that there is something else that adds to the appeal). The internet access available at the hotel was substandard. The internet was unreliable. A deposit was required to connect. The hotel offers a pristine pool. The hotel offers a high-quality pool. Nevertheless, the hotel offers a pool.",0.925
ref,test,41,"The hotel's furnishings are a bit outdated. The hotel's furnishings need updating. The hotel was very clean. This hotel has a great central location. It is very close to many attractions. The attractions include MRT, Clarke Quay, and the National Museum. The bed was comfortable. The full size bath was a nice bonus. The isolation is bad. The elevator could be heard very clearly. Neighbor speaking could be heard very clearly. The downside is the lack of style. There is no wifi in the room. Disappointing breakfast. The choices are very limited. There is no fresh fruit. This hotel has a pool. The pool is very small.","The furniture in the hotel is a bit old-fashioned. The furniture could use some updating. The furniture was spotless. This hotel is ideally situated. It is within easy reach of many sights. The sights include the MRT, Clarke Quay, and the National Museum. The bed was cozy. The full-sized bathroom was an added perk. The solitude was detrimental. The sound of the elevator was quite audible. Conversations between neighbors were quite audible. The absence of fashion is a disadvantage. There is no internet access in the room. I was let down. It was my breakfast. There are hardly any options available. There is no fresh fruit. This hotel has a pool. The pool is very diminutive.",0.8648648648648649
ref,test,42,This hotel may not be the right option for some. The hotel is only a five minute walk from the Town Hall rail station. You can also walk to shopping and tourist attractions from the hotel. The hotel is close to Darling Harbour. The corner-room was of an okay size. The corner-room was really cleaned to a high level. Check-in to your room can be earlier. You need to ask to get an earlier check-in. The staff were quite nice overall. Sometimes the staff seemed to be put off and lacking. The breakfast provided by the hotel was Continental. There were problems with not being on the necessary list. The hotel's restaurant was good. The hotel's restaurant was slightly expensive. The hotel was very helpful with pre-booking information. Check out of the stay was drawn out and frustrating.,"This hotel might not be suitable for certain people. The Town Hall rail station is just a five minute stroll away from the hotel. You can take a leisurely walk to nearby shopping and sightseeing spots. The accommodation is situated. The location of the accommodation is near Darling Harbour. The corner-room was of an acceptable size. The corner-room was spotlessly clean. You may be able to check into your room earlier. You need to request it. The personnel were generally friendly. Occasionally, they appeared to be disinclined. They were not as attentive. The hotel had a Continental breakfast available. Some people were not able to access it due to not being on the necessary list. The eatery at the hotel was satisfactory. The eatery at the hotel was somewhat pricey. The hotel staff was quite accommodating when it came to supplying details about the reservation. The process of checking out was lengthy and irritating.",0.9705882352941176
ref,test,43,"This is a perfect hotel for a short stay. The hotel is highly recommended because of the great value for money. The hotel is in a great location. The location is ideal for visiting the Musee d'Orsay or Saint Germain area. Firstly, the rooms are designed to be really unique and it shows. The design doesn't compromise the plethora of mod-cons supplied. The mod-cons include an iPod dock, minibar, and a flat-screen television. There is nothing you could need. Everything is available. The room is very luxurious inside. It is very relaxing and charming. The staff at this hotel are really caring. The staff at this hotel have a great attitude. The breakfast provided by the hotel was suitable. The breakfast was stocked with fresh, organic produce. There was plenty of food available. The ticket provided by the hotel allows for skipping the line. The skipping the line is at designated venues.","This hotel is ideal for a quick getaway. The hotel is highly praised for its excellent value for money. The hotel is situated in an ideal spot. The ideal spot is for exploring the Musee d'Orsay or Saint Germain area. At first glance, the rooms are designed to be very distinctive. It is evident that the rooms are designed to be very distinctive. The many modern amenities are provided in the rooms. The modern amenities include an iPod dock, minibar, and flat-screen television. You require something. Everything you require is available. Nothing you require is unavailable. The interior of the room is quite luxurious. The room still has a calming and inviting atmosphere. The personnel at this accommodation are very considerate. The personnel at this accommodation have a wonderful demeanor. The hotel's breakfast was well-supplied with fresh, organic items. There was a plentiful amount of food. The hotel's ticket grants access. The access includes bypassing the queue. The queue bypass is available at certain locations.",0.9736842105263158
ref,test,44,"I booked directly with the hotel. It was really impressive. It made for a very special weekend. This place is the place to be. The hotel was situated close to a metro station. The metro station allowed travel to the restaurants of Old Montreal. The hotel was within walking distance of the Montreal Jazz Festival. The rooms are adequately sized. The rooms are clean. The rooms have elegant furnishings. The rooms retain some history. The rooms were previously a bank. The rooms have free WiFi available. The rooms have lovely modern art. The hotel has a good bar. The bar is ideal for relaxing. Live music is played in the bar. The hotel had no street noise at all. On Friday and Saturday evenings, there was a music group playing at the bar area.","Booking directly with the hotel proved to be a great decision. It made for an extraordinary weekend. This is the spot. This is the place to be. The hotel was located near a subway stop. The subway stop provides access to the eateries of Old Montreal. The hotel is within a short walk of the Montreal Jazz Festival. The rooms have a satisfactory size. The rooms are kept spotless. The rooms have tasteful decor. The rooms have reminders of its past life. The past life was as a bank. The rooms come with complimentary WiFi access. The rooms have beautiful contemporary artwork. The hotel has a great bar. The bar is perfect for unwinding. Live music is played in the bar. The hotel was completely silent. On Friday and Saturday nights, there was a musical ensemble performing in the bar.",1.0
ref,test,45,"The hotel was a bargain. The hotel comes highly recommended. The hotel is located centrally to the main strip. Generally, everything is within walking distance. It is a minute's walk to the beach. Nearby 4th street has a selection of local restaurants. The rooms were clean. The rooms were well maintained. They were reasonably priced. The deluxe options have a balcony overlooking 5th Avenue. The staff are incredibly knowledgeable about the local area. The staff will happily spend some time advising on the best places to see. They were gracious enough to book taxis to the airport. Booking taxis to the airport is a great touch. The hotel is near to Rancho Punto Venado. Rancho Punto Venado provides facilities for many outdoor activities such as horseback riding and ATV driving.",The hotel was an excellent value. The hotel has been given glowing reviews. The hotel is situated in the middle of the main street. Most places can be reached by foot. It is a short walk to the beach. There are plenty of eateries on 4th street close by. The rooms were tidy. The rooms were in good condition. The cost was fair. The deluxe rooms have a balcony. The balcony overlooks 5th Avenue. The personnel are extremely well-informed about the nearby area. They will gladly take some time to provide advice on the top spots to visit. They arranged taxis to the airport. It was an excellent gesture. The hotel is located close to Rancho Punto Venado. Rancho Punto Venado offers a variety of outdoor activities like horseback riding and ATV driving.,1.0
ref,test,46,The hotel was a unique experience. The hotel had traditional features. The hotel had modern features. A stay at the hotel is recommended highly. The hotel is situated in an excellent location on the Grand Canal. It is only a couple of stops to San Marco Square. It is near to the Salute Church. It is close to a number of art galleries. It is close to the Vaporetto. The hotel has rooms overlooking the canal. The rooms are nice and clean. The hotel has a simple menu. The menu can be served wherever you like. The minibar is always stocked for guests. The hotel was a bit overpriced. The hotel did live up to that expectation. It was worth it.,The hotel provided a one-of-a-kind experience. The hotel combined classic and contemporary elements. It is strongly suggested. You book a room at the hotel. The hotel is conveniently located near the Grand Canal. It is just a short distance away from San Marco Square. It is close to the Salute Church. It is situated near several art galleries. It is situated near the Vaporetto waterbus. The hotel offers rooms with a view of the canal. The rooms are pleasant. The rooms are tidy. The hotel offers a straightforward selection of dishes. The dishes can be enjoyed in any desired location. The minibar is always replenished for visitors. The hotel was somewhat expensive. It did meet the expectation. It was a worthwhile investment.,1.0
ref,test,47,"It was a comfortable experience at this hotel. There was classical music that came from a nearby opera school, which was a nice bonus. The location is excellent because it is on a quiet street. The location also allows for easy reach of principal city sights. The metro and city tour bus stop are really close. The room is clean. The room is large. The bathroom has been renovated and is great. The staff are a wealth of knowledge about the nearby restaurants. The staff are a wealth of knowledge about side trips. This was super helpful. The breakfast has lots of choice. The quality of the continental foods and drinks on offer was great. They provide take away breakfast. There is no wireless internet in the rooms. Wireless internet is only available in the lobby.",I had a very pleasant stay at this hotel. There was classical music coming from a nearby opera school. This is an ideal spot that is situated on a tranquil street. It provides easy access to the main attractions in the city. The metro station is nearby. The sightseeing bus stop is nearby. The room is spacious and tidy. The bathroom has been newly remodeled. The personnel are incredibly knowledgeable. They know about the eateries in the vicinity. They know about potential excursions. Their knowledge was very beneficial. The selection of continental foods was plentiful. The selection of continental drinks was plentiful. The quality of the continental foods was excellent. The quality of the continental drinks was excellent. They offer to-go breakfast. There is no Wi-Fi in the guest rooms. Wi-Fi is available only in the lobby.,0.9428571428571428
